block_key,min_n,table,n_blocks,corr_z_black_share,lo,hi,n_cold,split_seed_effect,split_seed_lo,split_seed_hi,coverage_effect,verdict
county,20,test,852,0.3796405249210983,,,37,,,,,
county,20,cv5,1803,0.28839053457736924,0.24381911329070316,0.3301139808393779,74,0.031733077876514415,0.008658989892877073,0.0566420022683228,-0.12298306822024346,유의하게 하락(대도시 성질)
county,20,cv5_matched,852,0.4113736027976127,,,74,,,,,
county,50,test,417,0.4941995135473657,,,41,,,,,
county,50,cv5,1034,0.3827621319525479,0.33689634397016344,0.4278457938430497,73,0.003254202300116804,-0.02097437032119422,0.027878503403246577,-0.11469158389493461,유의하게 하락(대도시 성질)
county,50,cv5_matched,417,0.4974537158474825,,,73,,,,,
county,100,test,247,0.544012852922255,,,42,,,,,
county,100,cv5,638,0.44853418671916756,0.39206398129512954,0.5014314999467007,73,0.010019656189125814,-0.015660655473964332,0.03617444004915127,-0.10549832239221324,유의하게 하락(대도시 성질)
county,100,cv5_matched,247,0.5540325091113808,,,73,,,,,
