attribute,model,group_set,n_groups,groups,base_rate_gap,base_rate_gap_lo,base_rate_gap_hi,selection_rate_gap,selection_rate_gap_lo,selection_rate_gap_hi,selection_rate_max_group,selection_rate_min_group,selection_rate_amplification,selection_rate_amplification_lo,selection_rate_amplification_hi,tpr_gap,tpr_gap_lo,tpr_gap_hi,tpr_max_group,tpr_min_group,tpr_amplification,tpr_amplification_lo,tpr_amplification_hi,fpr_gap,fpr_gap_lo,fpr_gap_hi,fpr_max_group,fpr_min_group,fpr_amplification,fpr_amplification_lo,fpr_amplification_hi
Victim Race,graphsage_fairloss_a100_mb,named_all,4,Black | White | Asian/Pacific Islander | Native American/Alaska Native,0.1345627847544697,0.11299476643349893,0.15440563362416154,0.2325683289639489,0.2045544978104798,0.259777384694119,Native American/Alaska Native,Asian/Pacific Islander,1.7283257728970551,1.4475896143251015,2.0934427784985434,0.22421656881930851,0.19210924218164424,0.25529796773440183,Native American/Alaska Native,Asian/Pacific Islander,1.6662598743659014,1.3369165360178272,2.083790101147861,0.13872296277665996,0.07720561373199887,0.197422302063188,Native American/Alaska Native,Asian/Pacific Islander,1.0309162598691841,0.5630268504695366,1.549986692388378
Victim Race,graphsage_fairloss_a100_mb,named_n>=5000,2,Black | White,0.07632540249654818,0.07212581828982992,0.08049138099653856,0.025735415110785143,0.021104505621867883,0.030362040568514572,White,Black,0.33718020827926887,0.2794063196555997,0.39686258591641405,0.006839257328912329,0.001364202155825628,0.011746675521646741,Black,White,0.08960656747564004,0.01695969191699587,0.1566144168705496,0.019934173265237887,0.012024393391268418,0.02807130380334801,White,Black,0.26117350990896393,0.15689671756581638,0.3669227630453687
Victim Race,graphsage_fairloss_a5_sstate20_mb,named_all,4,Black | White | Asian/Pacific Islander | Native American/Alaska Native,0.1345627847544697,0.11278542799532269,0.15514221322325678,0.25447549898760846,0.23277769775961699,0.27585993106616946,Native American/Alaska Native,Black,1.8911283639970573,1.650528739881757,2.22029428456564,0.21851054577081974,0.19101755777356932,0.24754468993634957,Native American/Alaska Native,Asian/Pacific Islander,1.6238557054948404,1.3549096345502958,1.983139126553605,0.24934329762897595,0.19034900960631387,0.30721335021853413,Native American/Alaska Native,Black,1.852988536792998,1.3916464742616173,2.3980891580345896
Victim Race,graphsage_fairloss_a5_sstate20_mb,named_n>=5000,2,Black | White,0.07632540249654818,0.07239749461054062,0.08053009701733235,0.10983454874563348,0.10540043471228792,0.11420538055689199,White,Black,1.4390300627710513,1.3613047482704705,1.5230693893622431,0.07323088109121134,0.06820795838294888,0.07826592177204214,White,Black,0.9594562058748818,0.8787801117663642,1.0432298549231387,0.11355679545711389,0.10602587331733683,0.12222382699416548,White,Black,1.4877981870092267,1.3631645460720312,1.6278002624928904
Victim Race,graphsage_fairloss_a10_sstate20_mb,named_all,4,Black | White | Asian/Pacific Islander | Native American/Alaska Native,0.1345627847544697,0.11155331798263046,0.15616908592579742,0.24998624006025405,0.2295396486328605,0.2762464031034699,Native American/Alaska Native,Asian/Pacific Islander,1.8577665475368397,1.6249439250087232,2.231270137385446,0.2434546640574038,0.21652067621443782,0.2701142167339996,Native American/Alaska Native,Asian/Pacific Islander,1.8092273023453247,1.50804066438267,2.2256794862743314,0.24166134750946966,0.1838569295221032,0.2970298420616496,Native American/Alaska Native,Black,1.7959003148635606,1.3444376079229068,2.3660237530653454
Victim Race,graphsage_fairloss_a10_sstate20_mb,named_n>=5000,2,Black | White,0.07632540249654818,0.07207638329861295,0.08079869518887463,0.08744803995500972,0.08309990328944153,0.09177741298716882,White,Black,1.14572654836592,1.0812991974905466,1.216628557737517,0.05218722249499563,0.04783513711426564,0.056926543276803805,White,Black,0.6837464433594805,0.6160300062880046,0.7647093416436413,0.08879886802814302,0.0810105482674074,0.09706229918996627,White,Black,1.1634248248105727,1.0449444657129952,1.2881709888840271
Victim Race,graphsage_fairloss_a25_sstate20_mb,named_all,4,Black | White | Asian/Pacific Islander | Native American/Alaska Native,0.1345627847544697,0.11348370777768545,0.15449736884267845,0.2645693621664421,0.23804091047348677,0.2911413266513135,Native American/Alaska Native,Asian/Pacific Islander,1.966140658051847,1.6856410828171062,2.339048280643634,0.2543144161774299,0.22621051880422666,0.2830672615839084,Native American/Alaska Native,Asian/Pacific Islander,1.8899312810853706,1.5682893143941201,2.3272552365785377,0.24624475267083812,0.18727759398695468,0.3004577173791863,Native American/Alaska Native,Black,1.8299617767286043,1.3557898672203816,2.3442686987782446
Victim Race,graphsage_fairloss_a25_sstate20_mb,named_n>=5000,2,Black | White,0.07632540249654818,0.07239153315793485,0.08062267904291161,0.07484953147443696,0.07030108605489012,0.07947266947909307,White,Black,0.9806634361059811,0.917625658182383,1.0473554349430623,0.03979735338590229,0.03474970674045031,0.04486133055574055,White,Black,0.521416881983716,0.4485182392260456,0.597245711975686,0.07624608499676605,0.06804635169658006,0.08370046675707714,White,Black,0.9989607981459945,0.8857179899278143,1.1127735984323512
Victim Race,graphsage_fairloss_a50_sstate20_mb,named_all,4,Black | White | Asian/Pacific Islander | Native American/Alaska Native,0.1345627847544697,0.11429592111055295,0.15585319805876563,0.2643071991039141,0.236565863037905,0.29261957870444133,Native American/Alaska Native,Asian/Pacific Islander,1.9641923997499222,1.6697795303149479,2.350058944222149,0.2510828440965428,0.22131997950058144,0.28019700108167667,Native American/Alaska Native,Asian/Pacific Islander,1.8659159332551098,1.5335784499093226,2.2570165020441033,0.22326925496079358,0.16342472643160424,0.2834506766392187,Native American/Alaska Native,Black,1.6592199349038619,1.1725078873865056,2.18500384550299
Victim Race,graphsage_fairloss_a50_sstate20_mb,named_n>=5000,2,Black | White,0.07632540249654818,0.07213305117929154,0.08097335265501865,0.06276956767663011,0.05825913353200182,0.06732154928841716,White,Black,0.8223941914943569,0.7638495603163056,0.8828744723219613,0.028376404222963947,0.023295630950953182,0.033389601739700174,White,Black,0.37178191394729,0.304334492107781,0.4378716339596,0.06340992922019972,0.05596056781142311,0.0719818554203822,White,Black,0.8307840790366935,0.7294035058860748,0.9476801650357309
Victim Race,graphsage_fairloss_a100_sstate20_mb,named_all,4,Black | White | Asian/Pacific Islander | Native American/Alaska Native,0.1345627847544697,0.1134982643358591,0.15470964601488688,0.2674833311607113,0.24195493136928298,0.29453050240678247,Native American/Alaska Native,Asian/Pacific Islander,1.987795746415143,1.7076501347511617,2.3510504638903624,0.2576977603826919,0.2273828606217286,0.2868537050312221,Native American/Alaska Native,Asian/Pacific Islander,1.915074519696517,1.5897993863674462,2.3134465769809562,0.23092884132449343,0.16963368392847464,0.2869616174922864,Native American/Alaska Native,Black,1.7161419611362703,1.2379299109632578,2.208849671507729
Victim Race,graphsage_fairloss_a100_sstate20_mb,named_n>=5000,2,Black | White,0.07632540249654818,0.07226098993660283,0.080565158730405,0.057161845990712834,0.052626155910404135,0.061540206212226986,White,Black,0.7489229551498007,0.6904657053295864,0.8091985300371191,0.023539964251802492,0.018294856522599483,0.028483719510321626,White,Black,0.30841585477216565,0.23828259919767134,0.37788786194965,0.05797912865709154,0.050024930439903546,0.06630144298570784,White,Black,0.7596308274917207,0.6514862377219826,0.8734771857396697
Victim Race,graphsage_fairloss_a50_sstate50_mb,named_all,4,Black | White | Asian/Pacific Islander | Native American/Alaska Native,0.1345627847544697,0.11290079480997466,0.15550665195153202,0.2653836126359699,0.24047736575198628,0.29140163695002486,Native American/Alaska Native,Asian/Pacific Islander,1.9721917402363716,1.6761380324198296,2.352992192550868,0.2555616438356164,0.22694861101669359,0.28114305681217056,Native American/Alaska Native,Asian/Pacific Islander,1.8992000225168315,1.5791057157586836,2.3183058141142454,0.24327503226437686,0.1835757601775136,0.30090195960836014,Native American/Alaska Native,Black,1.8078923731273042,1.3230352484117933,2.33654751765447
Victim Race,graphsage_fairloss_a50_sstate50_mb,named_n>=5000,2,Black | White,0.07632540249654818,0.07241303319122426,0.08092483293835569,0.07849918545924695,0.07411262589394273,0.0829576092344908,White,Black,1.0284804651085473,0.9673683963392425,1.096892836939055,0.043298015970288595,0.03830388390946643,0.048567983764969104,White,Black,0.5672818557654741,0.49687184986886335,0.6462565555116454,0.08089282781156143,0.0728386365101335,0.08895723445803433,White,Black,1.0598414835115977,0.9399248628402038,1.182762806906206
Victim Race,graphsage_fairloss_a100_sstate50_mb,named_all,4,Black | White | Asian/Pacific Islander | Native American/Alaska Native,0.1345627847544697,0.1130810925348241,0.15580805132317493,0.2782631576406289,0.25257800316720025,0.3041663709486634,Native American/Alaska Native,Asian/Pacific Islander,2.0679057597415396,1.7870090837329184,2.4817907733229756,0.2612533159382474,0.2334279041105599,0.29012174036309724,Native American/Alaska Native,Asian/Pacific Islander,1.9414975426894137,1.616541863202267,2.378921293265132,0.2685661105235448,0.21079228932275745,0.3278670124978607,Native American/Alaska Native,Black,1.9958423944152506,1.5108363324172418,2.5798405188992017
Victim Race,graphsage_fairloss_a100_sstate50_mb,named_n>=5000,2,Black | White,0.07632540249654818,0.07214229932164165,0.08078015763863826,0.07779591212270898,0.07346593581089107,0.08222655503111306,White,Black,1.0192663199676844,0.9511146139834213,1.0865879018885274,0.04439829980019672,0.03932251237837711,0.04900435731222249,White,Black,0.581697552164296,0.5072658802358089,0.6552851942383273,0.07716596123471647,0.06913427377701571,0.08524627218072559,White,Black,1.0110128307309787,0.896871069010268,1.126829130719472
Victim Sex,graphsage_fairloss_a100_mb,named_all,2,Male | Female,0.08255665279474089,0.07768076739373549,0.08750950628363889,0.07551960770961175,0.0703041341398961,0.08101098014817447,Female,Male,0.9147610174721446,0.8525895133689232,0.9899199215098804,0.04096220518248017,0.03547889832531938,0.046934127833385755,Female,Male,0.4961708571727558,0.4260926491222026,0.5728516660792691,0.07382101564808496,0.06274686731714389,0.08451177641537477,Female,Male,0.8941861515585523,0.7610258541708644,1.0392866672296064
Victim Sex,graphsage_fairloss_a100_mb,named_n>=5000,2,Male | Female,0.08255665279474089,0.07768076739373549,0.08750950628363889,0.07551960770961175,0.0703041341398961,0.08101098014817447,Female,Male,0.9147610174721446,0.8525895133689232,0.9899199215098804,0.04096220518248017,0.03547889832531938,0.046934127833385755,Female,Male,0.4961708571727558,0.4260926491222026,0.5728516660792691,0.07382101564808496,0.06274686731714389,0.08451177641537477,Female,Male,0.8941861515585523,0.7610258541708644,1.0392866672296064
Victim Sex,graphsage_fairloss_a5_sstate20_mb,named_all,2,Male | Female,0.08255665279474089,0.07815473253528117,0.08732835736286693,0.08955648513425318,0.08449109442179852,0.0945216408861655,Female,Male,1.0847882284776715,1.0125387342060208,1.1554286917467995,0.05288414438985567,0.04732547678307934,0.05851600023518525,Female,Male,0.6405800453337245,0.56461211708646,0.7159494666557861,0.09221100626702816,0.08192577718446557,0.10250574523405528,Female,Male,1.1169421620846318,0.9752034275900854,1.2588030705394648
Victim Sex,graphsage_fairloss_a5_sstate20_mb,named_n>=5000,2,Male | Female,0.08255665279474089,0.07815473253528117,0.08732835736286693,0.08955648513425318,0.08449109442179852,0.0945216408861655,Female,Male,1.0847882284776715,1.0125387342060208,1.1554286917467995,0.05288414438985567,0.04732547678307934,0.05851600023518525,Female,Male,0.6405800453337245,0.56461211708646,0.7159494666557861,0.09221100626702816,0.08192577718446557,0.10250574523405528,Female,Male,1.1169421620846318,0.9752034275900854,1.2588030705394648
Victim Sex,graphsage_fairloss_a10_sstate20_mb,named_all,2,Male | Female,0.08255665279474089,0.0779086314958443,0.08761525693811992,0.07913666009484022,0.074098218443048,0.0838344255729757,Female,Male,0.9585739902948374,0.8843881002857461,1.0299860946956507,0.042830420684014436,0.03736577412498143,0.04818793309181772,Female,Male,0.5188003538673368,0.4424027221174223,0.591687345679621,0.08213157356380735,0.07094978294604753,0.09210987484350186,Female,Male,0.9948510602532492,0.8527178981136628,1.1282359619967846
Victim Sex,graphsage_fairloss_a10_sstate20_mb,named_n>=5000,2,Male | Female,0.08255665279474089,0.0779086314958443,0.08761525693811992,0.07913666009484022,0.074098218443048,0.0838344255729757,Female,Male,0.9585739902948374,0.8843881002857461,1.0299860946956507,0.042830420684014436,0.03736577412498143,0.04818793309181772,Female,Male,0.5188003538673368,0.4424027221174223,0.591687345679621,0.08213157356380735,0.07094978294604753,0.09210987484350186,Female,Male,0.9948510602532492,0.8527178981136628,1.1282359619967846
Victim Sex,graphsage_fairloss_a25_sstate20_mb,named_all,2,Male | Female,0.08255665279474089,0.07773403972275926,0.08762473837877935,0.07525085385014718,0.07013837109932917,0.08045753706073555,Female,Male,0.9115056304092417,0.8404007845321553,0.9788987979138257,0.03929507601903992,0.033695620968019126,0.04485848175378316,Female,Male,0.4759770980146028,0.403108513429372,0.5471231464955703,0.0781658537646972,0.06774187911484986,0.08865593321663286,Female,Male,0.9468147159386361,0.808618911618378,1.0938750914358593
Victim Sex,graphsage_fairloss_a25_sstate20_mb,named_n>=5000,2,Male | Female,0.08255665279474089,0.07773403972275926,0.08762473837877935,0.07525085385014718,0.07013837109932917,0.08045753706073555,Female,Male,0.9115056304092417,0.8404007845321553,0.9788987979138257,0.03929507601903992,0.033695620968019126,0.04485848175378316,Female,Male,0.4759770980146028,0.403108513429372,0.5471231464955703,0.0781658537646972,0.06774187911484986,0.08865593321663286,Female,Male,0.9468147159386361,0.808618911618378,1.0938750914358593
Victim Sex,graphsage_fairloss_a50_sstate20_mb,named_all,2,Male | Female,0.08255665279474089,0.07773471432720477,0.08750116676581168,0.06822474406463996,0.06289189989730422,0.07302107116015855,Female,Male,0.8263991060086449,0.7573474093157414,0.8952712224294199,0.03238334962986722,0.026667074095031624,0.03803665473753097,Female,Male,0.392256087590922,0.3204538884829603,0.46817712850539067,0.07189399651032508,0.06103148182577579,0.08186220271312322,Female,Male,0.8708443726403712,0.728149106490255,1.0030210536622952
Victim Sex,graphsage_fairloss_a50_sstate20_mb,named_n>=5000,2,Male | Female,0.08255665279474089,0.07773471432720477,0.08750116676581168,0.06822474406463996,0.06289189989730422,0.07302107116015855,Female,Male,0.8263991060086449,0.7573474093157414,0.8952712224294199,0.03238334962986722,0.026667074095031624,0.03803665473753097,Female,Male,0.392256087590922,0.3204538884829603,0.46817712850539067,0.07189399651032508,0.06103148182577579,0.08186220271312322,Female,Male,0.8708443726403712,0.728149106490255,1.0030210536622952
Victim Sex,graphsage_fairloss_a100_sstate20_mb,named_all,2,Male | Female,0.08255665279474089,0.07767892083936759,0.08766780469461083,0.05832605498559362,0.052891235673619134,0.06335655800844532,Female,Male,0.7064973325724413,0.6394912678341994,0.774053870923879,0.025475224591588463,0.01991946034247725,0.031053532848229804,Female,Male,0.30857869994956133,0.2370833124236192,0.3815218729684859,0.05557605810869304,0.044814761156838676,0.06568244060800824,Female,Male,0.6731869113791566,0.5371536569732712,0.79921160011704
Victim Sex,graphsage_fairloss_a100_sstate20_mb,named_n>=5000,2,Male | Female,0.08255665279474089,0.07767892083936759,0.08766780469461083,0.05832605498559362,0.052891235673619134,0.06335655800844532,Female,Male,0.7064973325724413,0.6394912678341994,0.774053870923879,0.025475224591588463,0.01991946034247725,0.031053532848229804,Female,Male,0.30857869994956133,0.2370833124236192,0.3815218729684859,0.05557605810869304,0.044814761156838676,0.06568244060800824,Female,Male,0.6731869113791566,0.5371536569732712,0.79921160011704
Victim Sex,graphsage_fairloss_a50_sstate50_mb,named_all,2,Male | Female,0.08255665279474089,0.07779818125889147,0.08735247969998719,0.06911878458838072,0.06402874159181644,0.07449257652182101,Female,Male,0.83722852427447,0.7715042358744838,0.9086195741966998,0.03504687137707507,0.029475650577917137,0.04118247350155045,Female,Male,0.4245190446881546,0.3518520367816098,0.5040128449914248,0.06683711700842648,0.05628926521630587,0.07693030634273625,Female,Male,0.8095909263012685,0.6700028891484265,0.9451527345799858
Victim Sex,graphsage_fairloss_a50_sstate50_mb,named_n>=5000,2,Male | Female,0.08255665279474089,0.07779818125889147,0.08735247969998719,0.06911878458838072,0.06402874159181644,0.07449257652182101,Female,Male,0.83722852427447,0.7715042358744838,0.9086195741966998,0.03504687137707507,0.029475650577917137,0.04118247350155045,Female,Male,0.4245190446881546,0.3518520367816098,0.5040128449914248,0.06683711700842648,0.05628926521630587,0.07693030634273625,Female,Male,0.8095909263012685,0.6700028891484265,0.9451527345799858
Victim Sex,graphsage_fairloss_a100_sstate50_mb,named_all,2,Male | Female,0.08255665279474089,0.07787500573947273,0.08741690711846872,0.06804998161950238,0.06315557589095447,0.07315896495061833,Female,Male,0.8242822270022722,0.7567392701284812,0.8896369186301719,0.033663925724595756,0.02825946934410001,0.03945204430400189,Female,Male,0.4077675703288718,0.33949334666520414,0.4786337481294081,0.06830646488026049,0.0582941371660519,0.07844599174655455,Female,Male,0.8273889816013933,0.7006279591044272,0.9504290097758344
Victim Sex,graphsage_fairloss_a100_sstate50_mb,named_n>=5000,2,Male | Female,0.08255665279474089,0.07787500573947273,0.08741690711846872,0.06804998161950238,0.06315557589095447,0.07315896495061833,Female,Male,0.8242822270022722,0.7567392701284812,0.8896369186301719,0.033663925724595756,0.02825946934410001,0.03945204430400189,Female,Male,0.4077675703288718,0.33949334666520414,0.4786337481294081,0.06830646488026049,0.0582941371660519,0.07844599174655455,Female,Male,0.8273889816013933,0.7006279591044272,0.9504290097758344
