attribute,model,group,n,base_rate,selection_rate,tpr,fpr,tnr,accuracy,selection_rate_lo,selection_rate_hi,tpr_lo,tpr_hi,fpr_lo,fpr_hi
Victim Race,graphsage_fairloss_a100_mb,White,95216,0.7402012266845909,0.5937552512182827,0.6740021850480284,0.3651210736952743,0.6348789263047258,0.6638380104184171,0.5906355024365653,0.5970427764241304,0.6707292833252483,0.6776073974680071,0.35907642499605386,0.3716019180094162
Victim Race,graphsage_fairloss_a100_mb,Black,89937,0.6638758241880427,0.5680198361074975,0.6808414423769408,0.3451869004300364,0.6548130995699636,0.6720926871031945,0.5647945228326495,0.5712109587822587,0.6769471425214023,0.6845608037819418,0.339990913030824,0.35026793007694557
Victim Race,graphsage_fairloss_a100_mb,Asian/Pacific Islander,2940,0.6952380952380952,0.49489795918367346,0.5704500978473581,0.32254464285714285,0.6774553571428571,0.6030612244897959,0.47822278911564625,0.5125850340136054,0.5496015042180855,0.5915563867459445,0.2911065634218289,0.35295045462980146
Victim Race,graphsage_fairloss_a100_mb,Unknown,2035,0.539066339066339,0.3415233415233415,0.4658158614402917,0.19616204690831557,0.8038379530916845,0.6216216216216216,0.3203808353808354,0.3621621621621622,0.43595558558176756,0.4938872977744929,0.16946439951653663,0.2231696832706397
Victim Race,graphsage_fairloss_a100_mb,Native American/Alaska Native,1409,0.7984386089425124,0.7274662881476224,0.7946666666666666,0.4612676056338028,0.5387323943661971,0.7430801987224982,0.7054471256210078,0.752306600425834,0.7700425074921167,0.8176157955382758,0.40439463829009864,0.5221893943253018
Victim Race,graphsage_fairloss_a5_sstate20_mb,White,95216,0.7402012266845909,0.6722504621072088,0.750705884022191,0.44872054008165907,0.5512794599183409,0.6988951436733322,0.6694242564274913,0.6752964312720551,0.747613496388411,0.7537861636991573,0.4425487942477171,0.4557377438153771
Victim Race,graphsage_fairloss_a5_sstate20_mb,Black,89937,0.6638758241880427,0.5624159133615754,0.6774750029309796,0.3351637446245452,0.6648362553754549,0.6732268143255835,0.5591911560314442,0.565674027374718,0.6736223950161984,0.6812735031785003,0.3297737684372984,0.3401943221678181
Victim Race,graphsage_fairloss_a5_sstate20_mb,Asian/Pacific Islander,2940,0.6952380952380952,0.5897959183673469,0.6570450097847358,0.43638392857142855,0.5636160714285714,0.6285714285714286,0.5714285714285714,0.6078231292517007,0.636356948593339,0.6779420079241136,0.4041051025901777,0.4680406602980053
Victim Race,graphsage_fairloss_a5_sstate20_mb,Unknown,2035,0.539066339066339,0.38673218673218673,0.5113947128532361,0.24093816631130063,0.7590618336886994,0.6255528255528255,0.3650982800982801,0.4098280098280098,0.4827802938808373,0.540551235593135,0.21097849670344457,0.27042015165166366
Victim Race,graphsage_fairloss_a5_sstate20_mb,Native American/Alaska Native,1409,0.7984386089425124,0.8168914123491838,0.8755555555555555,0.5845070422535211,0.4154929577464789,0.7828246983676366,0.795581973030518,0.8374911284599007,0.855612010277999,0.8951053776030777,0.5264880115421766,0.6407695195195194
Victim Race,graphsage_fairloss_a10_sstate20_mb,White,95216,0.7402012266845909,0.6683435557049235,0.7464776742008258,0.445729069814448,0.554270930185552,0.6965425978827088,0.6654446206519913,0.671515291547639,0.7432848847073075,0.7497618274997419,0.43990523209877846,0.4522957643907907
Victim Race,graphsage_fairloss_a10_sstate20_mb,Black,89937,0.6638758241880427,0.5808955157499138,0.6942904517058301,0.35693020178630497,0.643069798213695,0.6770739517662364,0.5776924402637402,0.5840532817416636,0.6904921779493967,0.6978470878525787,0.35182563212158185,0.3623277336864186
Victim Race,graphsage_fairloss_a10_sstate20_mb,Asian/Pacific Islander,2940,0.6952380952380952,0.5775510204081633,0.6418786692759295,0.43080357142857145,0.5691964285714286,0.6197278911564625,0.5595238095238095,0.5959268707482993,0.6209241760240195,0.6627485337669125,0.3993051204541086,0.461130447751539
Victim Race,graphsage_fairloss_a10_sstate20_mb,Unknown,2035,0.539066339066339,0.3769041769041769,0.5031905195989061,0.22921108742004265,0.7707889125799574,0.6265356265356266,0.35625307125307126,0.4,0.4742229858724704,0.532163197680439,0.2027077893309526,0.25894926807464524
Victim Race,graphsage_fairloss_a10_sstate20_mb,Native American/Alaska Native,1409,0.7984386089425124,0.8275372604684174,0.8853333333333333,0.5985915492957746,0.4014084507042254,0.7877927608232789,0.8069552874378992,0.8474095102909865,0.8672084909351768,0.9033981164932754,0.5421405772343103,0.6541726833640392
Victim Race,graphsage_fairloss_a25_sstate20_mb,White,95216,0.7402012266845909,0.6461939169887414,0.7238042537493438,0.4250717548611392,0.5749282451388608,0.685126449336246,0.643241156948412,0.6493454356410687,0.7205932527868252,0.7271994576290054,0.4188332674838947,0.43122136481164663
Victim Race,graphsage_fairloss_a25_sstate20_mb,Black,89937,0.6638758241880427,0.5713443855143044,0.6840069003634415,0.34882566986437313,0.6511743301356269,0.672971079755829,0.5680626438506955,0.5745366200784994,0.6802595233181254,0.6877464313717015,0.3435242827262566,0.35382408056555914
Victim Race,graphsage_fairloss_a25_sstate20_mb,Asian/Pacific Islander,2940,0.6952380952380952,0.5537414965986395,0.6203522504892368,0.4017857142857143,0.5982142857142857,0.6136054421768707,0.5363945578231293,0.5710969387755102,0.5991168145736236,0.6417781202766422,0.3695108061610255,0.4355016538037486
Victim Race,graphsage_fairloss_a25_sstate20_mb,Unknown,2035,0.539066339066339,0.371990171990172,0.4949863263445761,0.2281449893390192,0.7718550106609808,0.6226044226044226,0.35085995085995086,0.3931203931203931,0.46619303978981247,0.5238527698941253,0.20127415893665027,0.2566193932427074
Victim Race,graphsage_fairloss_a25_sstate20_mb,Native American/Alaska Native,1409,0.7984386089425124,0.8183108587650816,0.8746666666666667,0.5950704225352113,0.40492957746478875,0.7799858055358411,0.7970191625266146,0.837473385379702,0.855095146884304,0.8939332850965898,0.5363231560080656,0.6496777658431794
Victim Race,graphsage_fairloss_a50_sstate20_mb,White,95216,0.7402012266845909,0.6263863216266173,0.7033726358205991,0.4070420827101104,0.5929579172898897,0.6746870273903546,0.6234443265837675,0.6295690850277265,0.7000574095679112,0.7068506550342166,0.40110211280413405,0.41345846430438304
Victim Race,graphsage_fairloss_a50_sstate20_mb,Black,89937,0.6638758241880427,0.5636167539499872,0.6749962315976351,0.34363215348991066,0.6563678465100893,0.668734781013376,0.560334178369303,0.5668417892524767,0.6712118347930851,0.6788433074385904,0.33821139326974037,0.3487042702362494
Victim Race,graphsage_fairloss_a50_sstate20_mb,Asian/Pacific Islander,2940,0.6952380952380952,0.5312925170068027,0.6022504892367906,0.36941964285714285,0.6305803571428571,0.6108843537414966,0.5142772108843537,0.5493197278911565,0.5811216867001847,0.6236015089786711,0.33602634205218773,0.4033167899616069
Victim Race,graphsage_fairloss_a50_sstate20_mb,Unknown,2035,0.539066339066339,0.3538083538083538,0.47675478577939834,0.21002132196162046,0.7899786780383795,0.6211302211302211,0.33218673218673217,0.37493857493857496,0.4464771695146311,0.5041407953709707,0.18209513222028226,0.2362670977114387
Victim Race,graphsage_fairloss_a50_sstate20_mb,Native American/Alaska Native,1409,0.7984386089425124,0.7955997161107168,0.8533333333333334,0.5669014084507042,0.43309859154929575,0.7686302342086586,0.7743080198722498,0.8168914123491838,0.8321419308697088,0.8736865497076024,0.5071415906788247,0.6259619091680161
Victim Race,graphsage_fairloss_a100_sstate20_mb,White,95216,0.7402012266845909,0.6359225340278944,0.7109635494260702,0.42212070986780936,0.5778792901321906,0.6763884221139305,0.6329910414216099,0.639084292555873,0.7076698424931822,0.7143116801808016,0.41591601666403044,0.42849901151263264
Victim Race,graphsage_fairloss_a100_sstate20_mb,Black,89937,0.6638758241880427,0.5787606880371816,0.6874235851742677,0.3641415812107178,0.6358584187892822,0.670091286122508,0.5753357906089818,0.581985723339671,0.683665893628583,0.6911674605419759,0.3584329113809618,0.36916998388209055
Victim Race,graphsage_fairloss_a100_sstate20_mb,Asian/Pacific Islander,2940,0.6952380952380952,0.5472789115646258,0.6125244618395304,0.3984375,0.6015625,0.6091836734693877,0.5299319727891156,0.5659863945578232,0.5913696770049842,0.6344730207565122,0.3662193942347451,0.432194046306505
Victim Race,graphsage_fairloss_a100_sstate20_mb,Unknown,2035,0.539066339066339,0.35626535626535627,0.4740200546946217,0.21855010660980811,0.7814498933901919,0.6157248157248157,0.33512285012285015,0.3774078624078624,0.44372084685466945,0.5022849340890604,0.19071471109925495,0.2457225631703161
Victim Race,graphsage_fairloss_a100_sstate20_mb,Native American/Alaska Native,1409,0.7984386089425124,0.8147622427253371,0.8702222222222222,0.5950704225352113,0.40492957746478875,0.7764371894960965,0.7941625266146203,0.8346344925479063,0.850794960234115,0.8896853028469063,0.5355422657162417,0.6505044397609094
Victim Race,graphsage_fairloss_a50_sstate50_mb,White,95216,0.7402012266845909,0.6374348848932953,0.7142411214688064,0.4186037110401423,0.5813962889598577,0.6797281969416905,0.6344921021677029,0.6405858784237943,0.7110450408312793,0.717709530701731,0.41218510192862806,0.4253557148743484
Victim Race,graphsage_fairloss_a50_sstate50_mb,Black,89937,0.6638758241880427,0.5589356994340483,0.6709431054985178,0.3377108832285809,0.6622891167714191,0.6680342906701358,0.5557331798925914,0.5620173009995886,0.6669232326315235,0.6747130370084391,0.3327386464313333,0.3427892209557303
Victim Race,graphsage_fairloss_a50_sstate50_mb,Asian/Pacific Islander,2940,0.6952380952380952,0.5479591836734694,0.6164383561643836,0.39174107142857145,0.6082589285714286,0.6139455782312925,0.5306037414965987,0.5659948979591837,0.5956193618967341,0.6379456745391437,0.35923205402372066,0.4237014936291834
Victim Race,graphsage_fairloss_a50_sstate50_mb,Unknown,2035,0.539066339066339,0.36068796068796066,0.4831358249772106,0.21748400852878466,0.7825159914712153,0.6211302211302211,0.34004914004914005,0.38183046683046684,0.45219966767845926,0.5115913249028512,0.19128428371071926,0.24619407559461443
Victim Race,graphsage_fairloss_a50_sstate50_mb,Native American/Alaska Native,1409,0.7984386089425124,0.8133427963094393,0.872,0.5809859154929577,0.41901408450704225,0.7806955287437899,0.7920511000709723,0.8325053229240597,0.8515389880952381,0.8906673893405601,0.5222062350119905,0.637654807751085
Victim Race,graphsage_fairloss_a100_sstate50_mb,White,95216,0.7402012266845909,0.634830280625105,0.7110203039203167,0.41775478028863644,0.5822452197113636,0.6775646950092421,0.6319413228869097,0.6379505545286506,0.707820091988461,0.7142495752590032,0.41141642843646753,0.4241571278544073
Victim Race,graphsage_fairloss_a100_sstate50_mb,Black,89937,0.6638758241880427,0.5570343685023961,0.66662200412012,0.34058881905391997,0.6594111809460801,0.66419827212382,0.5537529048111456,0.5602254911771574,0.6628492544763768,0.6701765505646594,0.3353479528279275,0.34595491493169533
Victim Race,graphsage_fairloss_a100_sstate50_mb,Asian/Pacific Islander,2940,0.6952380952380952,0.5421768707482993,0.6125244618395304,0.38169642857142855,0.6183035714285714,0.6142857142857143,0.5241411564625851,0.5605442176870749,0.5907944988362398,0.6331263667986825,0.3475466388877276,0.41304535448041224
Victim Race,graphsage_fairloss_a100_sstate50_mb,Unknown,2035,0.539066339066339,0.35823095823095824,0.4785779398359161,0.21748400852878466,0.7825159914712153,0.6186732186732187,0.3375921375921376,0.37886977886977885,0.44829882054869946,0.5064557632634527,0.19128428371071926,0.24549744312539065
Victim Race,graphsage_fairloss_a100_sstate50_mb,Native American/Alaska Native,1409,0.7984386089425124,0.8204400283889283,0.8737777777777778,0.6091549295774648,0.3908450704225352,0.7764371894960965,0.8005677785663591,0.8410220014194464,0.8547144071579867,0.8928571428571429,0.551968339307049,0.6666955017301037
Victim Sex,graphsage_fairloss_a100_mb,Male,148198,0.6839296076870133,0.5619104171446309,0.6648381463539765,0.3391900258320702,0.6608099741679299,0.6635649603908285,0.559305456213984,0.5643871712168855,0.6616042530153979,0.667560534765562,0.33497381665918036,0.3432968001851401
Victim Sex,graphsage_fairloss_a100_mb,Female,43051,0.7664862604817542,0.6374300248542426,0.7058003515364567,0.41301104148015516,0.5869889585198448,0.6780562588557757,0.6331095677220041,0.6422858934751806,0.7011062956867301,0.7110056762080961,0.4035877492032445,0.4224939515411364
Victim Sex,graphsage_fairloss_a100_mb,Unknown,288,0.3368055555555556,0.2777777777777778,0.5051546391752577,0.16230366492146597,0.837696335078534,0.7256944444444444,0.22916666666666666,0.3298611111111111,0.40695857558139537,0.6100131578947369,0.1105488184079602,0.2131168344844803
Victim Sex,graphsage_fairloss_a5_sstate20_mb,Male,148198,0.6839296076870133,0.5977678511180987,0.7030101522341822,0.3700390683375675,0.6299609316624325,0.6799214564299113,0.5953180879634004,0.6001907920484757,0.7000156811222858,0.7057352645465703,0.36580988644524554,0.37435496821977715
Victim Sex,graphsage_fairloss_a5_sstate20_mb,Female,43051,0.7664862604817542,0.6873243362523519,0.7558942966240378,0.46225007460459566,0.5377499253954043,0.7049545887435832,0.6830950500569092,0.691668602355346,0.7511555070689259,0.7604261079922024,0.4531060554433643,0.4717713927708451
Victim Sex,graphsage_fairloss_a5_sstate20_mb,Unknown,288,0.3368055555555556,0.2951388888888889,0.5154639175257731,0.18324607329842932,0.8167539267015707,0.7152777777777778,0.23958333333333334,0.3472222222222222,0.41859871855719033,0.6129215542521994,0.13113518411730785,0.23881986344871386
Victim Sex,graphsage_fairloss_a10_sstate20_mb,Male,148198,0.6839296076870133,0.6066546107234916,0.7105182671152461,0.3819090113362225,0.6180909886637774,0.6813047409546688,0.6041842669941565,0.6089709375295213,0.7076917169491755,0.7133314239627857,0.3772569684553697,0.38606834548198216
Victim Sex,graphsage_fairloss_a10_sstate20_mb,Female,43051,0.7664862604817542,0.6857912708183318,0.7533486877992606,0.46404058490002986,0.5359594150999701,0.7025853058000976,0.6812153027804232,0.6901605073052891,0.7482949694323812,0.7580221276009541,0.45424721348901176,0.47335194799426833
Victim Sex,graphsage_fairloss_a10_sstate20_mb,Unknown,288,0.3368055555555556,0.2881944444444444,0.5154639175257731,0.17277486910994763,0.8272251308900523,0.7222222222222222,0.2361111111111111,0.34036458333333325,0.4156819062378923,0.6129215542521994,0.12165625813166796,0.22580645161290322
Victim Sex,graphsage_fairloss_a25_sstate20_mb,Male,148198,0.6839296076870133,0.5915396968919958,0.6944463628560434,0.36886488332870776,0.6311351166712923,0.6744355524366051,0.5890560263971174,0.5940026181190029,0.6916240842822348,0.6972017886158607,0.3646194741284699,0.37324200182997397
Victim Sex,graphsage_fairloss_a25_sstate20_mb,Female,43051,0.7664862604817542,0.666790550742143,0.7337414388750834,0.44703073709340496,0.5529692629065951,0.6915286520638313,0.6623760191400897,0.6712039209309888,0.7289795282752816,0.7385833558779143,0.43747829382012293,0.4566930505774592
Victim Sex,graphsage_fairloss_a25_sstate20_mb,Unknown,288,0.3368055555555556,0.2777777777777778,0.5051546391752577,0.16230366492146597,0.837696335078534,0.7256944444444444,0.22916666666666666,0.3298611111111111,0.40695857558139537,0.6100131578947369,0.1105488184079602,0.2131168344844803
Victim Sex,graphsage_fairloss_a50_sstate20_mb,Male,148198,0.6839296076870133,0.5789146952050634,0.6808113894452282,0.35842531115902737,0.6415746888409727,0.668409830092174,0.5764176979446417,0.5814121985451896,0.6779280377662232,0.6836012527482882,0.3540468964021985,0.362431662301783
Victim Sex,graphsage_fairloss_a50_sstate20_mb,Female,43051,0.7664862604817542,0.6471394392697034,0.7131947390750955,0.43031930766935245,0.5696806923306476,0.6796822373464031,0.6424647511091497,0.6516230749576084,0.7079023690884312,0.7179730651674674,0.42032238359301294,0.44004894074170864
Victim Sex,graphsage_fairloss_a50_sstate20_mb,Unknown,288,0.3368055555555556,0.28125,0.5154639175257731,0.16230366492146597,0.837696335078534,0.7291666666666666,0.2326388888888889,0.3368055555555556,0.4166666666666667,0.6200263157894736,0.11229810105860527,0.2127746773630973
Victim Sex,graphsage_fairloss_a100_sstate20_mb,Male,148198,0.6839296076870133,0.5934358088503219,0.6922955493947137,0.37951794368181724,0.6204820563181828,0.6695974304646486,0.5909521383554435,0.5958923197344094,0.6894364272819969,0.6950910713736016,0.37518573566663366,0.38369703431771196
Victim Sex,graphsage_fairloss_a100_sstate20_mb,Female,43051,0.7664862604817542,0.6517618638359155,0.7177707739863022,0.4350940017905103,0.5649059982094897,0.6820747485540406,0.6470924020347959,0.6562449188172168,0.7124636402145118,0.7227884180603508,0.42551419544935454,0.44459282281217183
Victim Sex,graphsage_fairloss_a100_sstate20_mb,Unknown,288,0.3368055555555556,0.2743055555555556,0.5051546391752577,0.15706806282722513,0.8429319371727748,0.7291666666666666,0.22569444444444445,0.32994791666666656,0.41173374613003094,0.6098347757671124,0.10694661419215286,0.21053953980428455
Victim Sex,graphsage_fairloss_a50_sstate50_mb,Male,148198,0.6839296076870133,0.5824572531343203,0.6844815848930019,0.36169168036549176,0.6383083196345082,0.6698875828283782,0.579967340989757,0.5849269220907165,0.6816094452852146,0.6873733209776226,0.3572918416528611,0.36576437376550525
Victim Sex,graphsage_fairloss_a50_sstate50_mb,Female,43051,0.7664862604817542,0.651576037722701,0.719528456270077,0.42852879737391825,0.5714712026260818,0.6849550533088662,0.6470685930640403,0.6563616408445797,0.7145282908013928,0.7244267500801438,0.4190447041760867,0.43803975170856063
Victim Sex,graphsage_fairloss_a50_sstate50_mb,Unknown,288,0.3368055555555556,0.2916666666666667,0.5154639175257731,0.17801047120418848,0.8219895287958116,0.71875,0.2394965277777778,0.34375,0.4183450564691896,0.6170278434462831,0.12624813710879285,0.23404863221884498
Victim Sex,graphsage_fairloss_a100_sstate50_mb,Male,148198,0.6839296076870133,0.5804599252351583,0.6811369712994663,0.3626096795542367,0.6373903204457634,0.6673099502017571,0.5779765921267493,0.5829297628847893,0.678261004664382,0.6840295116317482,0.3582684715492178,0.3667005025643732
Victim Sex,graphsage_fairloss_a100_sstate50_mb,Female,43051,0.7664862604817542,0.6485099068546607,0.714800897024062,0.43091614443449716,0.5690838555655028,0.6807739657615386,0.6440721469884555,0.6529470860142622,0.70994890029814,0.7195614295897562,0.42149929065370245,0.4406692678969355
Victim Sex,graphsage_fairloss_a100_sstate50_mb,Unknown,288,0.3368055555555556,0.28125,0.5051546391752577,0.16753926701570682,0.8324607329842932,0.7222222222222222,0.2326388888888889,0.3368055555555556,0.40424994627122285,0.6111742424242425,0.11700579759090397,0.2198952879581152
