State,City,mean_Black,mean_White,size_Black,size_White,min_race_n,gap_pp,weight
Alabama,Calhoun,0.9642857142857143,0.38461538461538464,28.0,26.0,10,57.967032967032964,54.0
Alabama,Etowah,0.7777777777777778,0.5151515151515151,18.0,33.0,10,26.262626262626267,51.0
Alabama,Houston,0.85,0.6923076923076923,20.0,13.0,10,15.769230769230768,33.0
Alabama,Jefferson,0.7708628005657708,0.7339901477832512,707.0,203.0,10,3.687265278251961,910.0
Alabama,Madison,0.8205128205128205,0.8095238095238095,39.0,42.0,10,1.098901098901095,81.0
Alabama,Mobile,0.6953125,0.6568627450980392,256.0,102.0,10,3.8449754901960786,358.0
Alabama,Montgomery,0.7375,0.5813953488372093,160.0,43.0,10,15.610465116279071,203.0
Alabama,Morgan,0.6,0.6363636363636364,10.0,22.0,10,-3.6363636363636376,32.0
Alabama,Tuscaloosa,0.8275862068965517,0.45454545454545453,29.0,22.0,10,37.30407523510972,51.0
Alaska,Anchorage,0.35,0.5694444444444444,20.0,72.0,10,-21.944444444444443,92.0
Arizona,Maricopa,0.7397959183673469,0.7114738358137302,392.0,2083.0,10,2.832208255361668,2475.0
Arizona,Pima,0.5135135135135135,0.5867346938775511,74.0,588.0,10,-7.322118036403758,662.0
Arkansas,Crittenden,0.64,0.7727272727272727,25.0,22.0,10,-13.27272727272727,47.0
Arkansas,Garland,0.5263157894736842,0.75,19.0,24.0,10,-22.368421052631582,43.0
Arkansas,Jefferson,0.7176470588235294,0.7142857142857143,85.0,21.0,10,0.3361344537815114,106.0
Arkansas,Mississippi,0.8387096774193549,0.7692307692307693,31.0,13.0,10,6.94789081885856,44.0
Arkansas,Pulaski,0.7282913165266106,0.6788990825688074,357.0,109.0,10,4.939223395780323,466.0
California,Alameda,0.49391304347826087,0.3469387755102041,1725.0,637.0,10,14.69742679680568,2362.0
California,Contra Costa,0.5007656967840735,0.38338658146964855,653.0,313.0,10,11.73791153144249,966.0
California,Fresno,0.3175355450236967,0.28156748911465895,211.0,689.0,10,3.5968055909037733,900.0
California,Kern,0.30526315789473685,0.4409448818897638,190.0,508.0,10,-13.568172399502693,698.0
California,Los Angeles,0.2544797233574348,0.26421722206398934,6362.0,10533.0,10,-0.9737498706554548,16895.0
California,Madera,0.5625,0.3894736842105263,16.0,95.0,10,17.30263157894737,111.0
California,Merced,0.5294117647058824,0.4117647058823529,17.0,136.0,10,11.764705882352944,153.0
California,Monterey,0.3793103448275862,0.31100478468899523,29.0,418.0,10,6.830556013859096,447.0
California,Orange,0.23076923076923078,0.20783645655877342,39.0,1174.0,10,2.2932774210457363,1213.0
California,Riverside,0.4627659574468085,0.45464247598719315,188.0,937.0,10,0.8123481459615334,1125.0
California,Sacramento,0.36271186440677966,0.34854771784232363,295.0,482.0,10,1.4164146564456026,777.0
California,San Bernardino,0.3494736842105263,0.36897106109324757,475.0,1244.0,10,-1.949737688272124,1719.0
California,San Diego,0.33095238095238094,0.36861051115910726,420.0,1389.0,10,-3.7658130206726312,1809.0
California,San Francisco,0.40055632823365783,0.2948073701842546,719.0,597.0,10,10.57489580494032,1316.0
California,San Joaquin,0.4413793103448276,0.33617021276595743,145.0,470.0,10,10.520909757887015,615.0
California,San Mateo,0.4883720930232558,0.36231884057971014,129.0,207.0,10,12.605325244354566,336.0
California,Santa Clara,0.3611111111111111,0.22849462365591397,36.0,372.0,10,13.261648745519713,408.0
California,Solano,0.6517857142857143,0.4418604651162791,112.0,129.0,10,20.992524916943523,241.0
California,Stanislaus,0.2777777777777778,0.372972972972973,18.0,185.0,10,-9.51951951951952,203.0
California,Ventura,0.4090909090909091,0.27102803738317754,22.0,321.0,10,13.806287170773157,343.0
Colorado,Arapahoe,0.8085106382978723,0.6274509803921569,47.0,102.0,10,18.105965790571542,149.0
Colorado,Denver,0.49246231155778897,0.45558086560364464,199.0,439.0,10,3.688144595414433,638.0
Colorado,El Paso,0.6785714285714286,0.6129032258064516,28.0,93.0,10,6.5668202764976975,121.0
Connecticut,Fairfield,0.6875,0.6433333333333333,384.0,300.0,10,4.416666666666669,684.0
Connecticut,Hartford,0.5075757575757576,0.5735294117647058,264.0,204.0,10,-6.595365418894827,468.0
Connecticut,New Haven,0.5248868778280543,0.6352201257861635,221.0,159.0,10,-11.033324795810916,380.0
Connecticut,New London,0.75,0.52,12.0,25.0,10,23.0,37.0
Delaware,New Castle,0.875,0.5737704918032787,128.0,61.0,10,30.122950819672134,189.0
District of Columbia,District of Columbia,0.6156100159829515,0.5310344827586206,3754.0,290.0,10,8.457553322433087,4044.0
Florida,Alachua,0.5263157894736842,0.34782608695652173,19.0,23.0,10,17.848970251716246,42.0
Florida,Brevard,0.6153846153846154,0.475,13.0,40.0,10,14.038461538461544,53.0
Florida,Broward,0.6627218934911243,0.6184615384615385,169.0,325.0,10,4.42603550295858,494.0
Florida,Dade,0.45663956639566394,0.5647626709573612,738.0,1243.0,10,-10.812310456169726,1981.0
Florida,Duval,0.41403508771929826,0.41361256544502617,285.0,191.0,10,0.04225222742720858,476.0
Florida,Escambia,0.8888888888888888,0.6551724137931034,18.0,29.0,10,23.37164750957854,47.0
Florida,Hillsborough,0.6538461538461539,0.5808080808080808,78.0,198.0,10,7.303807303807308,276.0
Florida,Lee,0.7619047619047619,0.54,21.0,50.0,10,22.190476190476183,71.0
Florida,Leon,0.5333333333333333,0.6666666666666666,15.0,12.0,10,-13.33333333333333,27.0
Florida,Marion,0.55,0.6938775510204082,20.0,49.0,10,-14.387755102040812,69.0
Florida,Orange,0.609375,0.6226415094339622,64.0,106.0,10,-1.3266509433962237,170.0
Florida,Palm Beach,0.582089552238806,0.515527950310559,134.0,161.0,10,6.6561601928247,295.0
Florida,Pinellas,0.375,0.5206611570247934,40.0,121.0,10,-14.566115702479344,161.0
Florida,Polk,0.6470588235294118,0.6697247706422018,34.0,109.0,10,-2.266594711279002,143.0
Florida,Putnam,0.9090909090909091,0.8947368421052632,11.0,19.0,10,1.4354066985645897,30.0
Florida,Seminole,0.6153846153846154,0.7777777777777778,13.0,36.0,10,-16.23931623931624,49.0
Florida,St. Lucie,0.7931034482758621,0.6666666666666666,29.0,30.0,10,12.643678160919547,59.0
Florida,Volusia,0.5714285714285714,0.5882352941176471,14.0,51.0,10,-1.6806722689075682,65.0
Georgia,Bibb,0.5204081632653061,0.5454545454545454,98.0,33.0,10,-2.504638218923927,131.0
Georgia,Chatham,0.46441947565543074,0.4659090909090909,267.0,88.0,10,-0.1489615253660148,355.0
Georgia,Clarke,0.6206896551724138,0.47619047619047616,29.0,21.0,10,14.449917898193764,50.0
Georgia,Clayton,0.23148148148148148,0.3380281690140845,108.0,71.0,10,-10.654668753260301,179.0
Georgia,Cobb,0.323943661971831,0.46835443037974683,71.0,79.0,10,-14.441076840791583,150.0
Georgia,Coffee,0.4166666666666667,0.6153846153846154,12.0,13.0,10,-19.871794871794872,25.0
Georgia,Colquitt,0.1,0.09090909090909091,10.0,11.0,10,0.9090909090909094,21.0
Georgia,De Kalb,0.39303482587064675,0.37404580152671757,402.0,131.0,10,1.8989024343929184,533.0
Georgia,Dougherty,0.36538461538461536,0.3684210526315789,52.0,19.0,10,-0.30364372469635637,71.0
Georgia,Fulton,0.4230927835051546,0.45560747663551404,2425.0,428.0,10,-3.251469313035943,2853.0
Georgia,Glynn,0.5,0.6363636363636364,18.0,11.0,10,-13.636363636363635,29.0
Georgia,Gwinnett,0.3283582089552239,0.32456140350877194,67.0,114.0,10,0.3796805446451945,181.0
Georgia,Houston,0.2857142857142857,0.23076923076923078,14.0,13.0,10,5.494505494505492,27.0
Georgia,Lowndes,0.4857142857142857,0.75,35.0,20.0,10,-26.42857142857143,55.0
Georgia,Muscogee,0.4155844155844156,0.36363636363636365,77.0,44.0,10,5.1948051948051965,121.0
Georgia,Richmond,0.5274725274725275,0.5230769230769231,182.0,65.0,10,0.439560439560438,247.0
Georgia,Tift,0.6363636363636364,0.4444444444444444,11.0,18.0,10,19.191919191919194,29.0
Illinois,Cook,0.40451807228915665,0.34584897788902796,6640.0,2397.0,10,5.8669094400128685,9037.0
Illinois,Kane,0.17647058823529413,0.18518518518518517,17.0,54.0,10,-0.8714596949891046,71.0
Illinois,Kankakee,0.56,0.45454545454545453,25.0,11.0,10,10.545454545454552,36.0
Illinois,Sangamon,0.5384615384615384,0.42857142857142855,13.0,14.0,10,10.989010989010989,27.0
Illinois,St. Clair,0.32857142857142857,0.40384615384615385,280.0,52.0,10,-7.527472527472528,332.0
Illinois,Will,0.2608695652173913,0.4107142857142857,46.0,56.0,10,-14.98447204968944,102.0
Illinois,Winnebago,0.7903225806451613,0.6363636363636364,62.0,44.0,10,15.39589442815249,106.0
Indiana,Allen,0.6266666666666667,0.5943396226415094,150.0,106.0,10,3.232704402515729,256.0
Indiana,Delaware,0.7,0.7894736842105263,10.0,19.0,10,-8.947368421052637,29.0
Indiana,Elkhart,0.8181818181818182,0.6571428571428571,33.0,35.0,10,16.10389610389611,68.0
Indiana,La Porte,0.5,0.45,10.0,20.0,10,4.999999999999999,30.0
Indiana,Lake,0.7001748251748252,0.6161616161616161,1144.0,297.0,10,8.401320901320908,1441.0
Indiana,Marion,0.6801909307875895,0.6481481481481481,838.0,324.0,10,3.204278263944138,1162.0
Indiana,St. Joseph,0.7868852459016393,0.8181818181818182,122.0,88.0,10,-3.1296572280178903,210.0
Indiana,Vanderburgh,0.5,0.5789473684210527,16.0,19.0,10,-7.8947368421052655,35.0
Iowa,Polk,0.8695652173913043,0.7222222222222222,23.0,54.0,10,14.734299516908212,77.0
Kansas,Sedgwick,0.6428571428571429,0.6721311475409836,56.0,61.0,10,-2.927400468384067,117.0
Kansas,Shawnee,0.6111111111111112,0.7878787878787878,36.0,33.0,10,-17.676767676767668,69.0
Kansas,Wyandotte,0.8688524590163934,0.8352941176470589,122.0,85.0,10,3.3558341369334554,207.0
Kentucky,Christian,0.6923076923076923,0.9285714285714286,13.0,14.0,10,-23.62637362637363,27.0
Kentucky,Fayette,0.7333333333333333,0.8472222222222222,60.0,72.0,10,-11.388888888888893,132.0
Kentucky,Jefferson,0.6864608076009501,0.6496815286624203,421.0,157.0,10,3.6779278938529725,578.0
Kentucky,Warren,0.7692307692307693,0.782608695652174,13.0,23.0,10,-1.3377926421404673,36.0
Louisiana,Bossier,0.5,0.3333333333333333,10.0,12.0,10,16.666666666666668,22.0
Louisiana,Caddo,0.49823321554770317,0.6901408450704225,283.0,71.0,10,-19.190762952271932,354.0
Louisiana,Calcasieu,0.5,0.8076923076923077,22.0,26.0,10,-30.76923076923077,48.0
Louisiana,East Baton Rouge,0.7338129496402878,0.6276595744680851,556.0,94.0,10,10.615337517220269,650.0
Louisiana,Jefferson,0.7163120567375887,0.4536082474226804,282.0,97.0,10,26.270380931490827,379.0
Louisiana,Lafayette,0.6296296296296297,0.6666666666666666,27.0,48.0,10,-3.703703703703698,75.0
Louisiana,Orleans,0.7419072615923009,0.5735294117647058,3429.0,408.0,10,16.83778498275951,3837.0
Louisiana,Ouachita,0.525,0.5714285714285714,40.0,14.0,10,-4.642857142857137,54.0
Louisiana,Rapides,0.6571428571428571,0.625,35.0,24.0,10,3.214285714285714,59.0
Louisiana,St. Tammany,0.5454545454545454,0.5897435897435898,11.0,39.0,10,-4.428904428904435,50.0
Maryland,Anne Arundel,0.7027027027027027,0.6122448979591837,74.0,49.0,10,9.045780474351906,123.0
Maryland,Baltimore,0.7222222222222222,0.68,162.0,125.0,10,4.222222222222216,287.0
Maryland,Baltimore city,0.7005677610466552,0.5813953488372093,4051.0,301.0,10,11.917241220944586,4352.0
Maryland,Frederick,0.75,0.7222222222222222,12.0,18.0,10,2.777777777777779,30.0
Maryland,Harford,0.7647058823529411,0.7,17.0,30.0,10,6.470588235294117,47.0
Maryland,Howard,0.9375,0.6842105263157895,16.0,19.0,10,25.32894736842105,35.0
Maryland,Montgomery,0.6470588235294118,0.573170731707317,68.0,82.0,10,7.388809182209477,150.0
Maryland,Prince George's,0.7064093728463129,0.664,1451.0,250.0,10,4.240937284631285,1701.0
Maryland,Wicomico,0.48,0.6666666666666666,25.0,12.0,10,-18.666666666666664,37.0
Massachusetts,Bristol,0.6363636363636364,0.7551020408163265,22.0,49.0,10,-11.873840445269012,71.0
Massachusetts,Essex,0.6666666666666666,0.5463917525773195,12.0,97.0,10,12.02749140893471,109.0
Massachusetts,Hampden,0.7192982456140351,0.5692307692307692,57.0,65.0,10,15.00674763832659,122.0
Massachusetts,Middlesex,0.7142857142857143,0.6136363636363636,21.0,88.0,10,10.064935064935066,109.0
Massachusetts,Norfolk,0.47368421052631576,0.5128205128205128,19.0,39.0,10,-3.9136302294197014,58.0
Massachusetts,Plymouth,0.5652173913043478,0.45161290322580644,46.0,31.0,10,11.360448807854134,77.0
Massachusetts,Suffolk,0.8423597678916828,0.752913752913753,1034.0,429.0,10,8.94460149779298,1463.0
Massachusetts,Worcester,0.375,0.6712328767123288,16.0,73.0,10,-29.62328767123288,89.0
Michigan,Berrien,0.5476190476190477,0.45454545454545453,42.0,11.0,10,9.307359307359315,53.0
Michigan,Calhoun,0.5111111111111111,0.5172413793103449,45.0,29.0,10,-0.613026819923379,74.0
Michigan,Genesee,0.6483704974271012,0.5379746835443038,583.0,158.0,10,11.03958138827974,741.0
Michigan,Ingham,0.6666666666666666,0.48148148148148145,57.0,54.0,10,18.51851851851852,111.0
Michigan,Jackson,0.3181818181818182,0.41379310344827586,22.0,29.0,10,-9.561128526645767,51.0
Michigan,Kalamazoo,0.45454545454545453,0.6,22.0,25.0,10,-14.545454545454545,47.0
Michigan,Kent,0.375,0.358695652173913,104.0,92.0,10,1.6304347826086973,196.0
Michigan,Macomb,0.7692307692307693,0.45454545454545453,13.0,77.0,10,31.468531468531474,90.0
Michigan,Muskegon,0.7619047619047619,0.42857142857142855,21.0,14.0,10,33.33333333333333,35.0
Michigan,Oakland,0.584,0.5,125.0,108.0,10,8.399999999999997,233.0
Michigan,Saginaw,0.6403940886699507,0.6231884057971014,203.0,69.0,10,1.7205682872849293,272.0
Michigan,Washtenaw,0.5555555555555556,0.6097560975609756,36.0,41.0,10,-5.420054200542001,77.0
Michigan,Wayne,0.7196751818643208,0.5566037735849056,5911.0,1060.0,10,16.307140827941513,6971.0
Minnesota,Hennepin,0.4961832061068702,0.5306122448979592,262.0,147.0,10,-3.4429038791088997,409.0
Minnesota,Ramsey,0.7162162162162162,0.5,74.0,50.0,10,21.62162162162162,124.0
Mississippi,Harrison,0.5757575757575758,0.6756756756756757,33.0,37.0,10,-9.991809991809985,70.0
Mississippi,Hinds,0.7853658536585366,0.6025641025641025,410.0,78.0,10,18.28017510944341,488.0
Mississippi,Jackson,0.42857142857142855,0.5625,14.0,16.0,10,-13.392857142857146,30.0
Mississippi,Lauderdale,0.782608695652174,0.3684210526315789,23.0,19.0,10,41.4187643020595,42.0
Missouri,Greene,0.3,0.5531914893617021,10.0,47.0,10,-25.319148936170215,57.0
Missouri,Jackson,0.7802083333333333,0.6513157894736842,960.0,456.0,10,12.889254385964911,1416.0
Missouri,St. Louis,0.6203208556149733,0.5,187.0,82.0,10,12.032085561497329,269.0
Missouri,St. Louis city,0.7586327171259156,0.6167979002624672,2867.0,381.0,10,14.183481686344845,3248.0
Nebraska,Douglas,0.6126126126126126,0.6578947368421053,111.0,38.0,10,-4.528212422949274,149.0
Nevada,Clark,0.562874251497006,0.6203155818540433,501.0,1014.0,10,-5.744133035703736,1515.0
Nevada,Washoe,0.5454545454545454,0.691358024691358,11.0,81.0,10,-14.590347923681257,92.0
New Jersey,Atlantic,0.8602941176470589,0.7731958762886598,136.0,97.0,10,8.709824135839906,233.0
New Jersey,Bergen,0.7058823529411765,0.5942028985507246,17.0,69.0,10,11.16794543904519,86.0
New Jersey,Burlington,0.6,0.7407407407407407,20.0,27.0,10,-14.074074074074073,47.0
New Jersey,Camden,0.7523148148148148,0.721030042918455,432.0,233.0,10,3.128477189635981,665.0
New Jersey,Cumberland,0.5384615384615384,0.6842105263157895,26.0,19.0,10,-14.574898785425106,45.0
New Jersey,Essex,0.7331910352187834,0.6394230769230769,1874.0,416.0,10,9.37679582957065,2290.0
New Jersey,Gloucester,0.5,0.5714285714285714,10.0,28.0,10,-7.14285714285714,38.0
New Jersey,Hudson,0.7889447236180904,0.6359832635983264,199.0,239.0,10,15.296146001976407,438.0
New Jersey,Mercer,0.8115183246073299,0.7472527472527473,191.0,91.0,10,6.42655773545826,282.0
New Jersey,Middlesex,0.8,0.7733333333333333,30.0,75.0,10,2.6666666666666727,105.0
New Jersey,Monmouth,0.9032258064516129,0.8148148148148148,31.0,54.0,10,8.84109916367981,85.0
New Jersey,Ocean,0.5333333333333333,0.7916666666666666,15.0,24.0,10,-25.83333333333333,39.0
New Jersey,Passaic,0.7247706422018348,0.6972477064220184,109.0,109.0,10,2.752293577981646,218.0
New Jersey,Union,0.7738095238095238,0.69,168.0,100.0,10,8.380952380952388,268.0
New Mexico,Bernalillo,0.6142857142857143,0.6125,70.0,480.0,10,0.17857142857142794,550.0
New York,Albany,0.6,0.4583333333333333,45.0,24.0,10,14.166666666666666,69.0
New York,Dutchess,0.7391304347826086,0.47619047619047616,46.0,21.0,10,26.293995859213247,67.0
New York,Erie,0.6701986754966888,0.49029126213592233,755.0,206.0,10,17.990741336076642,961.0
New York,Monroe,0.572354211663067,0.593103448275862,463.0,145.0,10,-2.074923661279504,608.0
New York,Nassau,0.7092198581560284,0.5944055944055944,141.0,143.0,10,11.481426375043402,284.0
New York,New York,0.6207496136012365,0.6387719732607081,10352.0,8078.0,10,-1.8022359659471632,18430.0
New York,Niagara,0.5,0.5555555555555556,14.0,18.0,10,-5.555555555555558,32.0
New York,Oneida,0.8043478260869565,0.5666666666666667,46.0,30.0,10,23.768115942028988,76.0
New York,Onondaga,0.759493670886076,0.7380952380952381,79.0,42.0,10,2.1398432790837862,121.0
New York,Orange,0.6,0.5135135135135135,30.0,37.0,10,8.64864864864865,67.0
New York,Rensselaer,0.3,0.7142857142857143,10.0,14.0,10,-41.42857142857143,24.0
New York,Rockland,0.45454545454545453,0.6842105263157895,11.0,19.0,10,-22.966507177033495,30.0
New York,Schenectady,0.625,0.5333333333333333,32.0,15.0,10,9.166666666666668,47.0
New York,Suffolk,0.6986301369863014,0.746606334841629,146.0,221.0,10,-4.797619785532758,367.0
New York,Westchester,0.6666666666666666,0.5359477124183006,141.0,153.0,10,13.0718954248366,294.0
North Carolina,Alamance,0.4166666666666667,0.5555555555555556,12.0,18.0,10,-13.88888888888889,30.0
North Carolina,Anson,0.6,0.45454545454545453,10.0,11.0,10,14.545454545454545,21.0
North Carolina,Buncombe,0.5,0.5909090909090909,18.0,44.0,10,-9.090909090909093,62.0
North Carolina,Cabarrus,0.76,0.6666666666666666,25.0,30.0,10,9.333333333333337,55.0
North Carolina,Catawba,0.631578947368421,0.7419354838709677,19.0,31.0,10,-11.035653650254673,50.0
North Carolina,Cleveland,0.375,0.44,32.0,25.0,10,-6.5,57.0
North Carolina,Columbus,0.68,0.5294117647058824,25.0,17.0,10,15.058823529411768,42.0
North Carolina,Craven,0.6875,0.7272727272727273,16.0,11.0,10,-3.9772727272727293,27.0
North Carolina,Cumberland,0.5989847715736041,0.7010309278350515,197.0,97.0,10,-10.204615626144742,294.0
North Carolina,Durham,0.6219512195121951,0.609375,164.0,64.0,10,1.257621951219512,228.0
North Carolina,Forsyth,0.7272727272727273,0.5833333333333334,110.0,60.0,10,14.393939393939393,170.0
North Carolina,Franklin,0.8,0.45454545454545453,10.0,11.0,10,34.545454545454554,21.0
North Carolina,Gaston,0.5185185185185185,0.5,27.0,38.0,10,1.851851851851849,65.0
North Carolina,Guilford,0.6891891891891891,0.627906976744186,222.0,86.0,10,6.12822124450031,308.0
North Carolina,Harnett,0.8571428571428571,0.782608695652174,14.0,23.0,10,7.453416149068315,37.0
North Carolina,Iredell,0.45454545454545453,0.7619047619047619,11.0,21.0,10,-30.735930735930733,32.0
North Carolina,Johnston,0.6153846153846154,0.5882352941176471,26.0,17.0,10,2.714932126696834,43.0
North Carolina,Lee,0.5714285714285714,0.8571428571428571,14.0,14.0,10,-28.57142857142857,28.0
North Carolina,Mecklenburg,0.6303501945525292,0.5707547169811321,514.0,212.0,10,5.959547757139704,726.0
North Carolina,Nash,0.6896551724137931,0.6153846153846154,29.0,13.0,10,7.427055702917773,42.0
North Carolina,New Hanover,0.6981132075471698,0.5945945945945946,53.0,37.0,10,10.351861295257514,90.0
North Carolina,Onslow,0.5833333333333334,0.5714285714285714,12.0,21.0,10,1.1904761904761973,33.0
North Carolina,Pitt,0.7647058823529411,0.5882352941176471,34.0,17.0,10,17.647058823529406,51.0
North Carolina,Richmond,0.5384615384615384,0.4666666666666667,13.0,15.0,10,7.179487179487176,28.0
North Carolina,Robeson,0.5,0.6226415094339622,48.0,53.0,10,-12.264150943396224,101.0
North Carolina,Rockingham,0.4117647058823529,0.47368421052631576,17.0,19.0,10,-6.191950464396284,36.0
North Carolina,Rowan,0.5666666666666667,0.48,30.0,25.0,10,8.666666666666668,55.0
North Carolina,Sampson,0.7272727272727273,0.85,22.0,20.0,10,-12.272727272727268,42.0
North Carolina,Scotland,0.7142857142857143,0.6923076923076923,14.0,13.0,10,2.197802197802201,27.0
North Carolina,Union,0.5,0.7647058823529411,10.0,17.0,10,-26.470588235294112,27.0
North Carolina,Vance,0.78125,0.6666666666666666,32.0,12.0,10,11.458333333333337,44.0
North Carolina,Wake,0.5138888888888888,0.5,72.0,58.0,10,1.388888888888884,130.0
North Carolina,Wayne,0.5,0.72,64.0,25.0,10,-21.999999999999996,89.0
North Carolina,Wilson,0.71875,0.3333333333333333,32.0,15.0,10,38.54166666666667,47.0
Ohio,Allen,0.6666666666666666,0.7,27.0,10.0,10,-3.3333333333333326,37.0
Ohio,Butler,0.8461538461538461,0.6578947368421053,13.0,38.0,10,18.825910931174082,51.0
Ohio,Clark,0.7777777777777778,0.8181818181818182,27.0,33.0,10,-4.040404040404044,60.0
Ohio,Cuyahoga,0.6760700389105059,0.5893416927899686,1028.0,319.0,10,8.672834612053727,1347.0
Ohio,Franklin,0.7372353673723536,0.6962025316455697,803.0,395.0,10,4.103283572678396,1198.0
Ohio,Hamilton,0.6584362139917695,0.581081081081081,486.0,148.0,10,7.735513291068852,634.0
Ohio,Lorain,0.7142857142857143,0.4090909090909091,14.0,22.0,10,30.519480519480517,36.0
Ohio,Lucas,0.5989847715736041,0.5213675213675214,197.0,117.0,10,7.761725020608267,314.0
Ohio,Mahoning,0.6246913580246913,0.4946236559139785,405.0,93.0,10,13.006770211071284,498.0
Ohio,Montgomery,0.38323353293413176,0.4423076923076923,334.0,156.0,10,-5.907415937356053,490.0
Ohio,Stark,0.675,0.6590909090909091,40.0,44.0,10,1.5909090909090984,84.0
Ohio,Summit,0.6055045871559633,0.6923076923076923,109.0,52.0,10,-8.680310515172895,161.0
Ohio,Trumbull,1.0,0.8947368421052632,30.0,19.0,10,10.526315789473683,49.0
Oklahoma,Comanche,0.19047619047619047,0.6086956521739131,21.0,23.0,10,-41.82194616977226,44.0
Oklahoma,Muskogee,0.44,0.5555555555555556,25.0,18.0,10,-11.555555555555557,43.0
Oklahoma,Oklahoma,0.3422222222222222,0.4416058394160584,225.0,274.0,10,-9.93836171938362,499.0
Oklahoma,Tulsa,0.25,0.3105263157894737,164.0,190.0,10,-6.052631578947371,354.0
Oregon,Multnomah,0.2727272727272727,0.3905579399141631,121.0,233.0,10,-11.783066718689039,354.0
Pennsylvania,Allegheny,0.5826193390452876,0.43884892086330934,817.0,139.0,10,14.377041818197828,956.0
Pennsylvania,Beaver,0.5,0.4,14.0,10.0,10,9.999999999999998,24.0
Pennsylvania,Berks,0.56,0.448,50.0,125.0,10,11.200000000000005,175.0
Pennsylvania,Bucks,0.47058823529411764,0.5897435897435898,17.0,39.0,10,-11.915535444947212,56.0
Pennsylvania,Chester,0.5675675675675675,0.46875,37.0,32.0,10,9.881756756756754,69.0
Pennsylvania,Dauphin,0.3076923076923077,0.45614035087719296,78.0,57.0,10,-14.844804318488524,135.0
Pennsylvania,Delaware,0.3231707317073171,0.2857142857142857,328.0,84.0,10,3.745644599303138,412.0
Pennsylvania,Erie,0.34615384615384615,0.5172413793103449,26.0,29.0,10,-17.10875331564987,55.0
Pennsylvania,Lancaster,0.5714285714285714,0.40425531914893614,21.0,47.0,10,16.717325227963524,68.0
Pennsylvania,Lehigh,0.5483870967741935,0.5181818181818182,62.0,110.0,10,3.0205278592375318,172.0
Pennsylvania,Luzerne,0.3333333333333333,0.5121951219512195,15.0,41.0,10,-17.886178861788622,56.0
Pennsylvania,Montgomery,0.5853658536585366,0.48148148148148145,41.0,54.0,10,10.38843721770551,95.0
Pennsylvania,Northampton,0.26666666666666666,0.5641025641025641,15.0,39.0,10,-29.743589743589745,54.0
Pennsylvania,Philadelphia,0.7196765498652291,0.6399317406143344,2226.0,586.0,10,7.974480925089466,2812.0
Pennsylvania,York,0.38235294117647056,0.359375,34.0,64.0,10,2.297794117647056,98.0
Rhodes Island,Providence,0.7364341085271318,0.7028301886792453,129.0,212.0,10,3.3603919847886465,341.0
South Carolina,Aiken,0.8846153846153846,0.8,26.0,20.0,10,8.461538461538453,46.0
South Carolina,Anderson,0.8,0.6,15.0,30.0,10,20.000000000000007,45.0
South Carolina,Berkeley,0.7894736842105263,0.7142857142857143,19.0,14.0,10,7.518796992481203,33.0
South Carolina,Charleston,0.7439024390243902,0.6666666666666666,82.0,18.0,10,7.72357723577236,100.0
South Carolina,Florence,0.8148148148148148,0.7142857142857143,27.0,21.0,10,10.052910052910047,48.0
South Carolina,Greenville,0.6862745098039216,0.525,51.0,40.0,10,16.127450980392155,91.0
South Carolina,Horry,0.76,0.7,25.0,30.0,10,6.000000000000005,55.0
South Carolina,Richland,0.7701149425287356,0.6538461538461539,87.0,26.0,10,11.626878868258173,113.0
South Carolina,Spartanburg,0.6428571428571429,0.6666666666666666,42.0,42.0,10,-2.3809523809523725,84.0
South Carolina,York,0.9,0.75,10.0,20.0,10,15.000000000000002,30.0
Tennessee,Davidson,0.6916666666666667,0.6653386454183267,360.0,251.0,10,2.6328021248339994,611.0
Tennessee,Hamilton,0.7317073170731707,0.6888888888888889,82.0,45.0,10,4.281842818428183,127.0
Tennessee,Knox,0.6704545454545454,0.6470588235294118,88.0,119.0,10,2.3395721925133617,207.0
Tennessee,Madison,0.8627450980392157,0.75,51.0,16.0,10,11.274509803921573,67.0
Tennessee,Maury,0.8823529411764706,0.8,17.0,10.0,10,8.23529411764705,27.0
Tennessee,Montgomery,0.6363636363636364,0.5789473684210527,11.0,19.0,10,5.741626794258369,30.0
Tennessee,Rutherford,1.0,0.6190476190476191,12.0,21.0,10,38.095238095238095,33.0
Tennessee,Shelby,0.6280120481927711,0.5198019801980198,664.0,202.0,10,10.82100679947513,866.0
Texas,Angelina,0.7,0.7222222222222222,10.0,18.0,10,-2.2222222222222254,28.0
Texas,Bell,0.6949152542372882,0.651685393258427,59.0,89.0,10,4.322986097886117,148.0
Texas,Bexar,0.7122302158273381,0.6885593220338984,278.0,1416.0,10,2.3670893793439785,1694.0
Texas,Bowie,0.8,0.6666666666666666,15.0,21.0,10,13.333333333333341,36.0
Texas,Brazoria,0.6,0.5714285714285714,15.0,42.0,10,2.857142857142858,57.0
Texas,Dallas,0.7071393880524527,0.6557603686635944,2059.0,2170.0,10,5.137901938885825,4229.0
Texas,Ector,0.5384615384615384,0.6623376623376623,13.0,77.0,10,-12.38761238761239,90.0
Texas,Fort Bend,0.8,0.7303370786516854,35.0,89.0,10,6.966292134831464,124.0
Texas,Galveston,0.8,0.728,75.0,125.0,10,7.200000000000006,200.0
Texas,Gregg,0.6578947368421053,0.4878048780487805,38.0,41.0,10,17.008985879332485,79.0
Texas,Harris,0.6169642857142857,0.6031424227065383,1120.0,1973.0,10,1.382186300774746,3093.0
Texas,Hunt,0.5,0.7916666666666666,14.0,24.0,10,-29.166666666666664,38.0
Texas,Jefferson,0.7362637362637363,0.7066666666666667,91.0,75.0,10,2.9597069597069647,166.0
Texas,Kaufman,0.3,0.8095238095238095,10.0,21.0,10,-50.95238095238095,31.0
Texas,Lamar,0.6666666666666666,0.5384615384615384,12.0,13.0,10,12.82051282051282,25.0
Texas,Lubbock,0.5555555555555556,0.4666666666666667,36.0,75.0,10,8.888888888888891,111.0
Texas,McLennan,0.6984126984126984,0.5483870967741935,63.0,93.0,10,15.002560163850486,156.0
Texas,Montgomery,0.8,0.7125,10.0,80.0,10,8.750000000000002,90.0
Texas,Nueces,0.7333333333333333,0.5971223021582733,15.0,139.0,10,13.621103117505996,154.0
Texas,Potter,0.6666666666666666,0.5652173913043478,15.0,69.0,10,10.144927536231885,84.0
Texas,Smith,0.6052631578947368,0.5227272727272727,38.0,44.0,10,8.253588516746413,82.0
Texas,Tarrant,0.5238095238095238,0.5878594249201278,378.0,626.0,10,-6.4049901110603935,1004.0
Texas,Travis,0.5416666666666666,0.6226415094339622,48.0,159.0,10,-8.09748427672956,207.0
Texas,Wichita,0.5714285714285714,0.631578947368421,21.0,38.0,10,-6.015037593984962,59.0
Virginia,Alexandria,0.6470588235294118,0.8571428571428571,17.0,14.0,10,-21.00840336134453,31.0
Virginia,Chesapeake,0.7608695652173914,0.7575757575757576,46.0,33.0,10,0.32938076416337836,79.0
Virginia,Chesterfield,0.6875,0.7272727272727273,16.0,33.0,10,-3.9772727272727293,49.0
Virginia,Fairfax,0.88,0.7934782608695652,25.0,92.0,10,8.652173913043482,117.0
Virginia,Hampton,0.782608695652174,0.46153846153846156,46.0,13.0,10,32.10702341137124,59.0
Virginia,Henrico,0.8904109589041096,0.8518518518518519,73.0,27.0,10,3.8559107052257735,100.0
Virginia,Newport News,0.7027027027027027,0.6875,111.0,16.0,10,1.5202702702702742,127.0
Virginia,Norfolk,0.7589285714285714,0.7884615384615384,224.0,52.0,10,-2.953296703296704,276.0
Virginia,Portsmouth,0.8605769230769231,0.7837837837837838,208.0,37.0,10,7.679313929313936,245.0
Virginia,Richmond,0.775435380384968,0.7258064516129032,1091.0,186.0,10,4.962892877206471,1277.0
Virginia,Roanoke,0.6216216216216216,0.7297297297297297,37.0,37.0,10,-10.81081081081081,74.0
Virginia,Virginia Beach,0.6666666666666666,0.6756756756756757,33.0,37.0,10,-0.9009009009009028,70.0
Washington,King,0.6218181818181818,0.7272727272727273,275.0,407.0,10,-10.545454545454547,682.0
Washington,Pierce,0.48,0.6428571428571429,75.0,168.0,10,-16.285714285714292,243.0
Washington,Spokane,0.5333333333333333,0.6779661016949152,15.0,118.0,10,-14.46327683615819,133.0
West Virginia,Cabell,0.3076923076923077,0.43478260869565216,13.0,23.0,10,-12.709030100334445,36.0
West Virginia,Kanawha,0.41379310344827586,0.45454545454545453,29.0,55.0,10,-4.075235109717868,84.0
Wisconsin,Dane,0.6,0.6086956521739131,10.0,23.0,10,-0.8695652173913104,33.0
Wisconsin,Milwaukee,0.6839186691312384,0.6336633663366337,541.0,202.0,10,5.025530279460478,743.0
Wisconsin,Racine,0.6756756756756757,0.5714285714285714,37.0,28.0,10,10.424710424710426,65.0
Wisconsin,Rock,0.8181818181818182,0.6666666666666666,11.0,12.0,10,15.15151515151516,23.0
Alabama,Calhoun,0.9642857142857143,0.38461538461538464,28.0,26.0,20,57.967032967032964,54.0
Alabama,Jefferson,0.7708628005657708,0.7339901477832512,707.0,203.0,20,3.687265278251961,910.0
Alabama,Madison,0.8205128205128205,0.8095238095238095,39.0,42.0,20,1.098901098901095,81.0
Alabama,Mobile,0.6953125,0.6568627450980392,256.0,102.0,20,3.8449754901960786,358.0
Alabama,Montgomery,0.7375,0.5813953488372093,160.0,43.0,20,15.610465116279071,203.0
Alabama,Tuscaloosa,0.8275862068965517,0.45454545454545453,29.0,22.0,20,37.30407523510972,51.0
Alaska,Anchorage,0.35,0.5694444444444444,20.0,72.0,20,-21.944444444444443,92.0
Arizona,Maricopa,0.7397959183673469,0.7114738358137302,392.0,2083.0,20,2.832208255361668,2475.0
Arizona,Pima,0.5135135135135135,0.5867346938775511,74.0,588.0,20,-7.322118036403758,662.0
Arkansas,Crittenden,0.64,0.7727272727272727,25.0,22.0,20,-13.27272727272727,47.0
Arkansas,Jefferson,0.7176470588235294,0.7142857142857143,85.0,21.0,20,0.3361344537815114,106.0
Arkansas,Pulaski,0.7282913165266106,0.6788990825688074,357.0,109.0,20,4.939223395780323,466.0
California,Alameda,0.49391304347826087,0.3469387755102041,1725.0,637.0,20,14.69742679680568,2362.0
California,Contra Costa,0.5007656967840735,0.38338658146964855,653.0,313.0,20,11.73791153144249,966.0
California,Fresno,0.3175355450236967,0.28156748911465895,211.0,689.0,20,3.5968055909037733,900.0
California,Kern,0.30526315789473685,0.4409448818897638,190.0,508.0,20,-13.568172399502693,698.0
California,Los Angeles,0.2544797233574348,0.26421722206398934,6362.0,10533.0,20,-0.9737498706554548,16895.0
California,Monterey,0.3793103448275862,0.31100478468899523,29.0,418.0,20,6.830556013859096,447.0
California,Orange,0.23076923076923078,0.20783645655877342,39.0,1174.0,20,2.2932774210457363,1213.0
California,Riverside,0.4627659574468085,0.45464247598719315,188.0,937.0,20,0.8123481459615334,1125.0
California,Sacramento,0.36271186440677966,0.34854771784232363,295.0,482.0,20,1.4164146564456026,777.0
California,San Bernardino,0.3494736842105263,0.36897106109324757,475.0,1244.0,20,-1.949737688272124,1719.0
California,San Diego,0.33095238095238094,0.36861051115910726,420.0,1389.0,20,-3.7658130206726312,1809.0
California,San Francisco,0.40055632823365783,0.2948073701842546,719.0,597.0,20,10.57489580494032,1316.0
California,San Joaquin,0.4413793103448276,0.33617021276595743,145.0,470.0,20,10.520909757887015,615.0
California,San Mateo,0.4883720930232558,0.36231884057971014,129.0,207.0,20,12.605325244354566,336.0
California,Santa Clara,0.3611111111111111,0.22849462365591397,36.0,372.0,20,13.261648745519713,408.0
California,Solano,0.6517857142857143,0.4418604651162791,112.0,129.0,20,20.992524916943523,241.0
California,Ventura,0.4090909090909091,0.27102803738317754,22.0,321.0,20,13.806287170773157,343.0
Colorado,Arapahoe,0.8085106382978723,0.6274509803921569,47.0,102.0,20,18.105965790571542,149.0
Colorado,Denver,0.49246231155778897,0.45558086560364464,199.0,439.0,20,3.688144595414433,638.0
Colorado,El Paso,0.6785714285714286,0.6129032258064516,28.0,93.0,20,6.5668202764976975,121.0
Connecticut,Fairfield,0.6875,0.6433333333333333,384.0,300.0,20,4.416666666666669,684.0
Connecticut,Hartford,0.5075757575757576,0.5735294117647058,264.0,204.0,20,-6.595365418894827,468.0
Connecticut,New Haven,0.5248868778280543,0.6352201257861635,221.0,159.0,20,-11.033324795810916,380.0
Delaware,New Castle,0.875,0.5737704918032787,128.0,61.0,20,30.122950819672134,189.0
District of Columbia,District of Columbia,0.6156100159829515,0.5310344827586206,3754.0,290.0,20,8.457553322433087,4044.0
Florida,Broward,0.6627218934911243,0.6184615384615385,169.0,325.0,20,4.42603550295858,494.0
Florida,Dade,0.45663956639566394,0.5647626709573612,738.0,1243.0,20,-10.812310456169726,1981.0
Florida,Duval,0.41403508771929826,0.41361256544502617,285.0,191.0,20,0.04225222742720858,476.0
Florida,Hillsborough,0.6538461538461539,0.5808080808080808,78.0,198.0,20,7.303807303807308,276.0
Florida,Lee,0.7619047619047619,0.54,21.0,50.0,20,22.190476190476183,71.0
Florida,Marion,0.55,0.6938775510204082,20.0,49.0,20,-14.387755102040812,69.0
Florida,Orange,0.609375,0.6226415094339622,64.0,106.0,20,-1.3266509433962237,170.0
Florida,Palm Beach,0.582089552238806,0.515527950310559,134.0,161.0,20,6.6561601928247,295.0
Florida,Pinellas,0.375,0.5206611570247934,40.0,121.0,20,-14.566115702479344,161.0
Florida,Polk,0.6470588235294118,0.6697247706422018,34.0,109.0,20,-2.266594711279002,143.0
Florida,St. Lucie,0.7931034482758621,0.6666666666666666,29.0,30.0,20,12.643678160919547,59.0
Georgia,Bibb,0.5204081632653061,0.5454545454545454,98.0,33.0,20,-2.504638218923927,131.0
Georgia,Chatham,0.46441947565543074,0.4659090909090909,267.0,88.0,20,-0.1489615253660148,355.0
Georgia,Clarke,0.6206896551724138,0.47619047619047616,29.0,21.0,20,14.449917898193764,50.0
Georgia,Clayton,0.23148148148148148,0.3380281690140845,108.0,71.0,20,-10.654668753260301,179.0
Georgia,Cobb,0.323943661971831,0.46835443037974683,71.0,79.0,20,-14.441076840791583,150.0
Georgia,De Kalb,0.39303482587064675,0.37404580152671757,402.0,131.0,20,1.8989024343929184,533.0
Georgia,Fulton,0.4230927835051546,0.45560747663551404,2425.0,428.0,20,-3.251469313035943,2853.0
Georgia,Gwinnett,0.3283582089552239,0.32456140350877194,67.0,114.0,20,0.3796805446451945,181.0
Georgia,Lowndes,0.4857142857142857,0.75,35.0,20.0,20,-26.42857142857143,55.0
Georgia,Muscogee,0.4155844155844156,0.36363636363636365,77.0,44.0,20,5.1948051948051965,121.0
Georgia,Richmond,0.5274725274725275,0.5230769230769231,182.0,65.0,20,0.439560439560438,247.0
Illinois,Cook,0.40451807228915665,0.34584897788902796,6640.0,2397.0,20,5.8669094400128685,9037.0
Illinois,St. Clair,0.32857142857142857,0.40384615384615385,280.0,52.0,20,-7.527472527472528,332.0
Illinois,Will,0.2608695652173913,0.4107142857142857,46.0,56.0,20,-14.98447204968944,102.0
Illinois,Winnebago,0.7903225806451613,0.6363636363636364,62.0,44.0,20,15.39589442815249,106.0
Indiana,Allen,0.6266666666666667,0.5943396226415094,150.0,106.0,20,3.232704402515729,256.0
Indiana,Elkhart,0.8181818181818182,0.6571428571428571,33.0,35.0,20,16.10389610389611,68.0
Indiana,Lake,0.7001748251748252,0.6161616161616161,1144.0,297.0,20,8.401320901320908,1441.0
Indiana,Marion,0.6801909307875895,0.6481481481481481,838.0,324.0,20,3.204278263944138,1162.0
Indiana,St. Joseph,0.7868852459016393,0.8181818181818182,122.0,88.0,20,-3.1296572280178903,210.0
Iowa,Polk,0.8695652173913043,0.7222222222222222,23.0,54.0,20,14.734299516908212,77.0
Kansas,Sedgwick,0.6428571428571429,0.6721311475409836,56.0,61.0,20,-2.927400468384067,117.0
Kansas,Shawnee,0.6111111111111112,0.7878787878787878,36.0,33.0,20,-17.676767676767668,69.0
Kansas,Wyandotte,0.8688524590163934,0.8352941176470589,122.0,85.0,20,3.3558341369334554,207.0
Kentucky,Fayette,0.7333333333333333,0.8472222222222222,60.0,72.0,20,-11.388888888888893,132.0
Kentucky,Jefferson,0.6864608076009501,0.6496815286624203,421.0,157.0,20,3.6779278938529725,578.0
Louisiana,Caddo,0.49823321554770317,0.6901408450704225,283.0,71.0,20,-19.190762952271932,354.0
Louisiana,Calcasieu,0.5,0.8076923076923077,22.0,26.0,20,-30.76923076923077,48.0
Louisiana,East Baton Rouge,0.7338129496402878,0.6276595744680851,556.0,94.0,20,10.615337517220269,650.0
Louisiana,Jefferson,0.7163120567375887,0.4536082474226804,282.0,97.0,20,26.270380931490827,379.0
Louisiana,Lafayette,0.6296296296296297,0.6666666666666666,27.0,48.0,20,-3.703703703703698,75.0
Louisiana,Orleans,0.7419072615923009,0.5735294117647058,3429.0,408.0,20,16.83778498275951,3837.0
Louisiana,Rapides,0.6571428571428571,0.625,35.0,24.0,20,3.214285714285714,59.0
Maryland,Anne Arundel,0.7027027027027027,0.6122448979591837,74.0,49.0,20,9.045780474351906,123.0
Maryland,Baltimore,0.7222222222222222,0.68,162.0,125.0,20,4.222222222222216,287.0
Maryland,Baltimore city,0.7005677610466552,0.5813953488372093,4051.0,301.0,20,11.917241220944586,4352.0
Maryland,Montgomery,0.6470588235294118,0.573170731707317,68.0,82.0,20,7.388809182209477,150.0
Maryland,Prince George's,0.7064093728463129,0.664,1451.0,250.0,20,4.240937284631285,1701.0
Massachusetts,Bristol,0.6363636363636364,0.7551020408163265,22.0,49.0,20,-11.873840445269012,71.0
Massachusetts,Hampden,0.7192982456140351,0.5692307692307692,57.0,65.0,20,15.00674763832659,122.0
Massachusetts,Middlesex,0.7142857142857143,0.6136363636363636,21.0,88.0,20,10.064935064935066,109.0
Massachusetts,Plymouth,0.5652173913043478,0.45161290322580644,46.0,31.0,20,11.360448807854134,77.0
Massachusetts,Suffolk,0.8423597678916828,0.752913752913753,1034.0,429.0,20,8.94460149779298,1463.0
Michigan,Calhoun,0.5111111111111111,0.5172413793103449,45.0,29.0,20,-0.613026819923379,74.0
Michigan,Genesee,0.6483704974271012,0.5379746835443038,583.0,158.0,20,11.03958138827974,741.0
Michigan,Ingham,0.6666666666666666,0.48148148148148145,57.0,54.0,20,18.51851851851852,111.0
Michigan,Jackson,0.3181818181818182,0.41379310344827586,22.0,29.0,20,-9.561128526645767,51.0
Michigan,Kalamazoo,0.45454545454545453,0.6,22.0,25.0,20,-14.545454545454545,47.0
Michigan,Kent,0.375,0.358695652173913,104.0,92.0,20,1.6304347826086973,196.0
Michigan,Oakland,0.584,0.5,125.0,108.0,20,8.399999999999997,233.0
Michigan,Saginaw,0.6403940886699507,0.6231884057971014,203.0,69.0,20,1.7205682872849293,272.0
Michigan,Washtenaw,0.5555555555555556,0.6097560975609756,36.0,41.0,20,-5.420054200542001,77.0
Michigan,Wayne,0.7196751818643208,0.5566037735849056,5911.0,1060.0,20,16.307140827941513,6971.0
Minnesota,Hennepin,0.4961832061068702,0.5306122448979592,262.0,147.0,20,-3.4429038791088997,409.0
Minnesota,Ramsey,0.7162162162162162,0.5,74.0,50.0,20,21.62162162162162,124.0
Mississippi,Harrison,0.5757575757575758,0.6756756756756757,33.0,37.0,20,-9.991809991809985,70.0
Mississippi,Hinds,0.7853658536585366,0.6025641025641025,410.0,78.0,20,18.28017510944341,488.0
Missouri,Jackson,0.7802083333333333,0.6513157894736842,960.0,456.0,20,12.889254385964911,1416.0
Missouri,St. Louis,0.6203208556149733,0.5,187.0,82.0,20,12.032085561497329,269.0
Missouri,St. Louis city,0.7586327171259156,0.6167979002624672,2867.0,381.0,20,14.183481686344845,3248.0
Nebraska,Douglas,0.6126126126126126,0.6578947368421053,111.0,38.0,20,-4.528212422949274,149.0
Nevada,Clark,0.562874251497006,0.6203155818540433,501.0,1014.0,20,-5.744133035703736,1515.0
New Jersey,Atlantic,0.8602941176470589,0.7731958762886598,136.0,97.0,20,8.709824135839906,233.0
New Jersey,Burlington,0.6,0.7407407407407407,20.0,27.0,20,-14.074074074074073,47.0
New Jersey,Camden,0.7523148148148148,0.721030042918455,432.0,233.0,20,3.128477189635981,665.0
New Jersey,Essex,0.7331910352187834,0.6394230769230769,1874.0,416.0,20,9.37679582957065,2290.0
New Jersey,Hudson,0.7889447236180904,0.6359832635983264,199.0,239.0,20,15.296146001976407,438.0
New Jersey,Mercer,0.8115183246073299,0.7472527472527473,191.0,91.0,20,6.42655773545826,282.0
New Jersey,Middlesex,0.8,0.7733333333333333,30.0,75.0,20,2.6666666666666727,105.0
New Jersey,Monmouth,0.9032258064516129,0.8148148148148148,31.0,54.0,20,8.84109916367981,85.0
New Jersey,Passaic,0.7247706422018348,0.6972477064220184,109.0,109.0,20,2.752293577981646,218.0
New Jersey,Union,0.7738095238095238,0.69,168.0,100.0,20,8.380952380952388,268.0
New Mexico,Bernalillo,0.6142857142857143,0.6125,70.0,480.0,20,0.17857142857142794,550.0
New York,Albany,0.6,0.4583333333333333,45.0,24.0,20,14.166666666666666,69.0
New York,Dutchess,0.7391304347826086,0.47619047619047616,46.0,21.0,20,26.293995859213247,67.0
New York,Erie,0.6701986754966888,0.49029126213592233,755.0,206.0,20,17.990741336076642,961.0
New York,Monroe,0.572354211663067,0.593103448275862,463.0,145.0,20,-2.074923661279504,608.0
New York,Nassau,0.7092198581560284,0.5944055944055944,141.0,143.0,20,11.481426375043402,284.0
New York,New York,0.6207496136012365,0.6387719732607081,10352.0,8078.0,20,-1.8022359659471632,18430.0
New York,Oneida,0.8043478260869565,0.5666666666666667,46.0,30.0,20,23.768115942028988,76.0
New York,Onondaga,0.759493670886076,0.7380952380952381,79.0,42.0,20,2.1398432790837862,121.0
New York,Orange,0.6,0.5135135135135135,30.0,37.0,20,8.64864864864865,67.0
New York,Suffolk,0.6986301369863014,0.746606334841629,146.0,221.0,20,-4.797619785532758,367.0
New York,Westchester,0.6666666666666666,0.5359477124183006,141.0,153.0,20,13.0718954248366,294.0
North Carolina,Cabarrus,0.76,0.6666666666666666,25.0,30.0,20,9.333333333333337,55.0
North Carolina,Cleveland,0.375,0.44,32.0,25.0,20,-6.5,57.0
North Carolina,Cumberland,0.5989847715736041,0.7010309278350515,197.0,97.0,20,-10.204615626144742,294.0
North Carolina,Durham,0.6219512195121951,0.609375,164.0,64.0,20,1.257621951219512,228.0
North Carolina,Forsyth,0.7272727272727273,0.5833333333333334,110.0,60.0,20,14.393939393939393,170.0
North Carolina,Gaston,0.5185185185185185,0.5,27.0,38.0,20,1.851851851851849,65.0
North Carolina,Guilford,0.6891891891891891,0.627906976744186,222.0,86.0,20,6.12822124450031,308.0
North Carolina,Mecklenburg,0.6303501945525292,0.5707547169811321,514.0,212.0,20,5.959547757139704,726.0
North Carolina,New Hanover,0.6981132075471698,0.5945945945945946,53.0,37.0,20,10.351861295257514,90.0
North Carolina,Robeson,0.5,0.6226415094339622,48.0,53.0,20,-12.264150943396224,101.0
North Carolina,Rowan,0.5666666666666667,0.48,30.0,25.0,20,8.666666666666668,55.0
North Carolina,Sampson,0.7272727272727273,0.85,22.0,20.0,20,-12.272727272727268,42.0
North Carolina,Wake,0.5138888888888888,0.5,72.0,58.0,20,1.388888888888884,130.0
North Carolina,Wayne,0.5,0.72,64.0,25.0,20,-21.999999999999996,89.0
Ohio,Clark,0.7777777777777778,0.8181818181818182,27.0,33.0,20,-4.040404040404044,60.0
Ohio,Cuyahoga,0.6760700389105059,0.5893416927899686,1028.0,319.0,20,8.672834612053727,1347.0
Ohio,Franklin,0.7372353673723536,0.6962025316455697,803.0,395.0,20,4.103283572678396,1198.0
Ohio,Hamilton,0.6584362139917695,0.581081081081081,486.0,148.0,20,7.735513291068852,634.0
Ohio,Lucas,0.5989847715736041,0.5213675213675214,197.0,117.0,20,7.761725020608267,314.0
Ohio,Mahoning,0.6246913580246913,0.4946236559139785,405.0,93.0,20,13.006770211071284,498.0
Ohio,Montgomery,0.38323353293413176,0.4423076923076923,334.0,156.0,20,-5.907415937356053,490.0
Ohio,Stark,0.675,0.6590909090909091,40.0,44.0,20,1.5909090909090984,84.0
Ohio,Summit,0.6055045871559633,0.6923076923076923,109.0,52.0,20,-8.680310515172895,161.0
Oklahoma,Comanche,0.19047619047619047,0.6086956521739131,21.0,23.0,20,-41.82194616977226,44.0
Oklahoma,Oklahoma,0.3422222222222222,0.4416058394160584,225.0,274.0,20,-9.93836171938362,499.0
Oklahoma,Tulsa,0.25,0.3105263157894737,164.0,190.0,20,-6.052631578947371,354.0
Oregon,Multnomah,0.2727272727272727,0.3905579399141631,121.0,233.0,20,-11.783066718689039,354.0
Pennsylvania,Allegheny,0.5826193390452876,0.43884892086330934,817.0,139.0,20,14.377041818197828,956.0
Pennsylvania,Berks,0.56,0.448,50.0,125.0,20,11.200000000000005,175.0
Pennsylvania,Chester,0.5675675675675675,0.46875,37.0,32.0,20,9.881756756756754,69.0
Pennsylvania,Dauphin,0.3076923076923077,0.45614035087719296,78.0,57.0,20,-14.844804318488524,135.0
Pennsylvania,Delaware,0.3231707317073171,0.2857142857142857,328.0,84.0,20,3.745644599303138,412.0
Pennsylvania,Erie,0.34615384615384615,0.5172413793103449,26.0,29.0,20,-17.10875331564987,55.0
Pennsylvania,Lancaster,0.5714285714285714,0.40425531914893614,21.0,47.0,20,16.717325227963524,68.0
Pennsylvania,Lehigh,0.5483870967741935,0.5181818181818182,62.0,110.0,20,3.0205278592375318,172.0
Pennsylvania,Montgomery,0.5853658536585366,0.48148148148148145,41.0,54.0,20,10.38843721770551,95.0
Pennsylvania,Philadelphia,0.7196765498652291,0.6399317406143344,2226.0,586.0,20,7.974480925089466,2812.0
Pennsylvania,York,0.38235294117647056,0.359375,34.0,64.0,20,2.297794117647056,98.0
Rhodes Island,Providence,0.7364341085271318,0.7028301886792453,129.0,212.0,20,3.3603919847886465,341.0
South Carolina,Aiken,0.8846153846153846,0.8,26.0,20.0,20,8.461538461538453,46.0
South Carolina,Florence,0.8148148148148148,0.7142857142857143,27.0,21.0,20,10.052910052910047,48.0
South Carolina,Greenville,0.6862745098039216,0.525,51.0,40.0,20,16.127450980392155,91.0
South Carolina,Horry,0.76,0.7,25.0,30.0,20,6.000000000000005,55.0
South Carolina,Richland,0.7701149425287356,0.6538461538461539,87.0,26.0,20,11.626878868258173,113.0
South Carolina,Spartanburg,0.6428571428571429,0.6666666666666666,42.0,42.0,20,-2.3809523809523725,84.0
Tennessee,Davidson,0.6916666666666667,0.6653386454183267,360.0,251.0,20,2.6328021248339994,611.0
Tennessee,Hamilton,0.7317073170731707,0.6888888888888889,82.0,45.0,20,4.281842818428183,127.0
Tennessee,Knox,0.6704545454545454,0.6470588235294118,88.0,119.0,20,2.3395721925133617,207.0
Tennessee,Shelby,0.6280120481927711,0.5198019801980198,664.0,202.0,20,10.82100679947513,866.0
Texas,Bell,0.6949152542372882,0.651685393258427,59.0,89.0,20,4.322986097886117,148.0
Texas,Bexar,0.7122302158273381,0.6885593220338984,278.0,1416.0,20,2.3670893793439785,1694.0
Texas,Dallas,0.7071393880524527,0.6557603686635944,2059.0,2170.0,20,5.137901938885825,4229.0
Texas,Fort Bend,0.8,0.7303370786516854,35.0,89.0,20,6.966292134831464,124.0
Texas,Galveston,0.8,0.728,75.0,125.0,20,7.200000000000006,200.0
Texas,Gregg,0.6578947368421053,0.4878048780487805,38.0,41.0,20,17.008985879332485,79.0
Texas,Harris,0.6169642857142857,0.6031424227065383,1120.0,1973.0,20,1.382186300774746,3093.0
Texas,Jefferson,0.7362637362637363,0.7066666666666667,91.0,75.0,20,2.9597069597069647,166.0
Texas,Lubbock,0.5555555555555556,0.4666666666666667,36.0,75.0,20,8.888888888888891,111.0
Texas,McLennan,0.6984126984126984,0.5483870967741935,63.0,93.0,20,15.002560163850486,156.0
Texas,Smith,0.6052631578947368,0.5227272727272727,38.0,44.0,20,8.253588516746413,82.0
Texas,Tarrant,0.5238095238095238,0.5878594249201278,378.0,626.0,20,-6.4049901110603935,1004.0
Texas,Travis,0.5416666666666666,0.6226415094339622,48.0,159.0,20,-8.09748427672956,207.0
Texas,Wichita,0.5714285714285714,0.631578947368421,21.0,38.0,20,-6.015037593984962,59.0
Virginia,Chesapeake,0.7608695652173914,0.7575757575757576,46.0,33.0,20,0.32938076416337836,79.0
Virginia,Fairfax,0.88,0.7934782608695652,25.0,92.0,20,8.652173913043482,117.0
Virginia,Henrico,0.8904109589041096,0.8518518518518519,73.0,27.0,20,3.8559107052257735,100.0
Virginia,Norfolk,0.7589285714285714,0.7884615384615384,224.0,52.0,20,-2.953296703296704,276.0
Virginia,Portsmouth,0.8605769230769231,0.7837837837837838,208.0,37.0,20,7.679313929313936,245.0
Virginia,Richmond,0.775435380384968,0.7258064516129032,1091.0,186.0,20,4.962892877206471,1277.0
Virginia,Roanoke,0.6216216216216216,0.7297297297297297,37.0,37.0,20,-10.81081081081081,74.0
Virginia,Virginia Beach,0.6666666666666666,0.6756756756756757,33.0,37.0,20,-0.9009009009009028,70.0
Washington,King,0.6218181818181818,0.7272727272727273,275.0,407.0,20,-10.545454545454547,682.0
Washington,Pierce,0.48,0.6428571428571429,75.0,168.0,20,-16.285714285714292,243.0
West Virginia,Kanawha,0.41379310344827586,0.45454545454545453,29.0,55.0,20,-4.075235109717868,84.0
Wisconsin,Milwaukee,0.6839186691312384,0.6336633663366337,541.0,202.0,20,5.025530279460478,743.0
Wisconsin,Racine,0.6756756756756757,0.5714285714285714,37.0,28.0,20,10.424710424710426,65.0
Alabama,Jefferson,0.7708628005657708,0.7339901477832512,707.0,203.0,30,3.687265278251961,910.0
Alabama,Madison,0.8205128205128205,0.8095238095238095,39.0,42.0,30,1.098901098901095,81.0
Alabama,Mobile,0.6953125,0.6568627450980392,256.0,102.0,30,3.8449754901960786,358.0
Alabama,Montgomery,0.7375,0.5813953488372093,160.0,43.0,30,15.610465116279071,203.0
Arizona,Maricopa,0.7397959183673469,0.7114738358137302,392.0,2083.0,30,2.832208255361668,2475.0
Arizona,Pima,0.5135135135135135,0.5867346938775511,74.0,588.0,30,-7.322118036403758,662.0
Arkansas,Pulaski,0.7282913165266106,0.6788990825688074,357.0,109.0,30,4.939223395780323,466.0
California,Alameda,0.49391304347826087,0.3469387755102041,1725.0,637.0,30,14.69742679680568,2362.0
California,Contra Costa,0.5007656967840735,0.38338658146964855,653.0,313.0,30,11.73791153144249,966.0
California,Fresno,0.3175355450236967,0.28156748911465895,211.0,689.0,30,3.5968055909037733,900.0
California,Kern,0.30526315789473685,0.4409448818897638,190.0,508.0,30,-13.568172399502693,698.0
California,Los Angeles,0.2544797233574348,0.26421722206398934,6362.0,10533.0,30,-0.9737498706554548,16895.0
California,Orange,0.23076923076923078,0.20783645655877342,39.0,1174.0,30,2.2932774210457363,1213.0
California,Riverside,0.4627659574468085,0.45464247598719315,188.0,937.0,30,0.8123481459615334,1125.0
California,Sacramento,0.36271186440677966,0.34854771784232363,295.0,482.0,30,1.4164146564456026,777.0
California,San Bernardino,0.3494736842105263,0.36897106109324757,475.0,1244.0,30,-1.949737688272124,1719.0
California,San Diego,0.33095238095238094,0.36861051115910726,420.0,1389.0,30,-3.7658130206726312,1809.0
California,San Francisco,0.40055632823365783,0.2948073701842546,719.0,597.0,30,10.57489580494032,1316.0
California,San Joaquin,0.4413793103448276,0.33617021276595743,145.0,470.0,30,10.520909757887015,615.0
California,San Mateo,0.4883720930232558,0.36231884057971014,129.0,207.0,30,12.605325244354566,336.0
California,Santa Clara,0.3611111111111111,0.22849462365591397,36.0,372.0,30,13.261648745519713,408.0
California,Solano,0.6517857142857143,0.4418604651162791,112.0,129.0,30,20.992524916943523,241.0
Colorado,Arapahoe,0.8085106382978723,0.6274509803921569,47.0,102.0,30,18.105965790571542,149.0
Colorado,Denver,0.49246231155778897,0.45558086560364464,199.0,439.0,30,3.688144595414433,638.0
Connecticut,Fairfield,0.6875,0.6433333333333333,384.0,300.0,30,4.416666666666669,684.0
Connecticut,Hartford,0.5075757575757576,0.5735294117647058,264.0,204.0,30,-6.595365418894827,468.0
Connecticut,New Haven,0.5248868778280543,0.6352201257861635,221.0,159.0,30,-11.033324795810916,380.0
Delaware,New Castle,0.875,0.5737704918032787,128.0,61.0,30,30.122950819672134,189.0
District of Columbia,District of Columbia,0.6156100159829515,0.5310344827586206,3754.0,290.0,30,8.457553322433087,4044.0
Florida,Broward,0.6627218934911243,0.6184615384615385,169.0,325.0,30,4.42603550295858,494.0
Florida,Dade,0.45663956639566394,0.5647626709573612,738.0,1243.0,30,-10.812310456169726,1981.0
Florida,Duval,0.41403508771929826,0.41361256544502617,285.0,191.0,30,0.04225222742720858,476.0
Florida,Hillsborough,0.6538461538461539,0.5808080808080808,78.0,198.0,30,7.303807303807308,276.0
Florida,Orange,0.609375,0.6226415094339622,64.0,106.0,30,-1.3266509433962237,170.0
Florida,Palm Beach,0.582089552238806,0.515527950310559,134.0,161.0,30,6.6561601928247,295.0
Florida,Pinellas,0.375,0.5206611570247934,40.0,121.0,30,-14.566115702479344,161.0
Florida,Polk,0.6470588235294118,0.6697247706422018,34.0,109.0,30,-2.266594711279002,143.0
Georgia,Bibb,0.5204081632653061,0.5454545454545454,98.0,33.0,30,-2.504638218923927,131.0
Georgia,Chatham,0.46441947565543074,0.4659090909090909,267.0,88.0,30,-0.1489615253660148,355.0
Georgia,Clayton,0.23148148148148148,0.3380281690140845,108.0,71.0,30,-10.654668753260301,179.0
Georgia,Cobb,0.323943661971831,0.46835443037974683,71.0,79.0,30,-14.441076840791583,150.0
Georgia,De Kalb,0.39303482587064675,0.37404580152671757,402.0,131.0,30,1.8989024343929184,533.0
Georgia,Fulton,0.4230927835051546,0.45560747663551404,2425.0,428.0,30,-3.251469313035943,2853.0
Georgia,Gwinnett,0.3283582089552239,0.32456140350877194,67.0,114.0,30,0.3796805446451945,181.0
Georgia,Muscogee,0.4155844155844156,0.36363636363636365,77.0,44.0,30,5.1948051948051965,121.0
Georgia,Richmond,0.5274725274725275,0.5230769230769231,182.0,65.0,30,0.439560439560438,247.0
Illinois,Cook,0.40451807228915665,0.34584897788902796,6640.0,2397.0,30,5.8669094400128685,9037.0
Illinois,St. Clair,0.32857142857142857,0.40384615384615385,280.0,52.0,30,-7.527472527472528,332.0
Illinois,Will,0.2608695652173913,0.4107142857142857,46.0,56.0,30,-14.98447204968944,102.0
Illinois,Winnebago,0.7903225806451613,0.6363636363636364,62.0,44.0,30,15.39589442815249,106.0
Indiana,Allen,0.6266666666666667,0.5943396226415094,150.0,106.0,30,3.232704402515729,256.0
Indiana,Elkhart,0.8181818181818182,0.6571428571428571,33.0,35.0,30,16.10389610389611,68.0
Indiana,Lake,0.7001748251748252,0.6161616161616161,1144.0,297.0,30,8.401320901320908,1441.0
Indiana,Marion,0.6801909307875895,0.6481481481481481,838.0,324.0,30,3.204278263944138,1162.0
Indiana,St. Joseph,0.7868852459016393,0.8181818181818182,122.0,88.0,30,-3.1296572280178903,210.0
Kansas,Sedgwick,0.6428571428571429,0.6721311475409836,56.0,61.0,30,-2.927400468384067,117.0
Kansas,Shawnee,0.6111111111111112,0.7878787878787878,36.0,33.0,30,-17.676767676767668,69.0
Kansas,Wyandotte,0.8688524590163934,0.8352941176470589,122.0,85.0,30,3.3558341369334554,207.0
Kentucky,Fayette,0.7333333333333333,0.8472222222222222,60.0,72.0,30,-11.388888888888893,132.0
Kentucky,Jefferson,0.6864608076009501,0.6496815286624203,421.0,157.0,30,3.6779278938529725,578.0
Louisiana,Caddo,0.49823321554770317,0.6901408450704225,283.0,71.0,30,-19.190762952271932,354.0
Louisiana,East Baton Rouge,0.7338129496402878,0.6276595744680851,556.0,94.0,30,10.615337517220269,650.0
Louisiana,Jefferson,0.7163120567375887,0.4536082474226804,282.0,97.0,30,26.270380931490827,379.0
Louisiana,Orleans,0.7419072615923009,0.5735294117647058,3429.0,408.0,30,16.83778498275951,3837.0
Maryland,Anne Arundel,0.7027027027027027,0.6122448979591837,74.0,49.0,30,9.045780474351906,123.0
Maryland,Baltimore,0.7222222222222222,0.68,162.0,125.0,30,4.222222222222216,287.0
Maryland,Baltimore city,0.7005677610466552,0.5813953488372093,4051.0,301.0,30,11.917241220944586,4352.0
Maryland,Montgomery,0.6470588235294118,0.573170731707317,68.0,82.0,30,7.388809182209477,150.0
Maryland,Prince George's,0.7064093728463129,0.664,1451.0,250.0,30,4.240937284631285,1701.0
Massachusetts,Hampden,0.7192982456140351,0.5692307692307692,57.0,65.0,30,15.00674763832659,122.0
Massachusetts,Plymouth,0.5652173913043478,0.45161290322580644,46.0,31.0,30,11.360448807854134,77.0
Massachusetts,Suffolk,0.8423597678916828,0.752913752913753,1034.0,429.0,30,8.94460149779298,1463.0
Michigan,Genesee,0.6483704974271012,0.5379746835443038,583.0,158.0,30,11.03958138827974,741.0
Michigan,Ingham,0.6666666666666666,0.48148148148148145,57.0,54.0,30,18.51851851851852,111.0
Michigan,Kent,0.375,0.358695652173913,104.0,92.0,30,1.6304347826086973,196.0
Michigan,Oakland,0.584,0.5,125.0,108.0,30,8.399999999999997,233.0
Michigan,Saginaw,0.6403940886699507,0.6231884057971014,203.0,69.0,30,1.7205682872849293,272.0
Michigan,Washtenaw,0.5555555555555556,0.6097560975609756,36.0,41.0,30,-5.420054200542001,77.0
Michigan,Wayne,0.7196751818643208,0.5566037735849056,5911.0,1060.0,30,16.307140827941513,6971.0
Minnesota,Hennepin,0.4961832061068702,0.5306122448979592,262.0,147.0,30,-3.4429038791088997,409.0
Minnesota,Ramsey,0.7162162162162162,0.5,74.0,50.0,30,21.62162162162162,124.0
Mississippi,Harrison,0.5757575757575758,0.6756756756756757,33.0,37.0,30,-9.991809991809985,70.0
Mississippi,Hinds,0.7853658536585366,0.6025641025641025,410.0,78.0,30,18.28017510944341,488.0
Missouri,Jackson,0.7802083333333333,0.6513157894736842,960.0,456.0,30,12.889254385964911,1416.0
Missouri,St. Louis,0.6203208556149733,0.5,187.0,82.0,30,12.032085561497329,269.0
Missouri,St. Louis city,0.7586327171259156,0.6167979002624672,2867.0,381.0,30,14.183481686344845,3248.0
Nebraska,Douglas,0.6126126126126126,0.6578947368421053,111.0,38.0,30,-4.528212422949274,149.0
Nevada,Clark,0.562874251497006,0.6203155818540433,501.0,1014.0,30,-5.744133035703736,1515.0
New Jersey,Atlantic,0.8602941176470589,0.7731958762886598,136.0,97.0,30,8.709824135839906,233.0
New Jersey,Camden,0.7523148148148148,0.721030042918455,432.0,233.0,30,3.128477189635981,665.0
New Jersey,Essex,0.7331910352187834,0.6394230769230769,1874.0,416.0,30,9.37679582957065,2290.0
New Jersey,Hudson,0.7889447236180904,0.6359832635983264,199.0,239.0,30,15.296146001976407,438.0
New Jersey,Mercer,0.8115183246073299,0.7472527472527473,191.0,91.0,30,6.42655773545826,282.0
New Jersey,Middlesex,0.8,0.7733333333333333,30.0,75.0,30,2.6666666666666727,105.0
New Jersey,Monmouth,0.9032258064516129,0.8148148148148148,31.0,54.0,30,8.84109916367981,85.0
New Jersey,Passaic,0.7247706422018348,0.6972477064220184,109.0,109.0,30,2.752293577981646,218.0
New Jersey,Union,0.7738095238095238,0.69,168.0,100.0,30,8.380952380952388,268.0
New Mexico,Bernalillo,0.6142857142857143,0.6125,70.0,480.0,30,0.17857142857142794,550.0
New York,Erie,0.6701986754966888,0.49029126213592233,755.0,206.0,30,17.990741336076642,961.0
New York,Monroe,0.572354211663067,0.593103448275862,463.0,145.0,30,-2.074923661279504,608.0
New York,Nassau,0.7092198581560284,0.5944055944055944,141.0,143.0,30,11.481426375043402,284.0
New York,New York,0.6207496136012365,0.6387719732607081,10352.0,8078.0,30,-1.8022359659471632,18430.0
New York,Oneida,0.8043478260869565,0.5666666666666667,46.0,30.0,30,23.768115942028988,76.0
New York,Onondaga,0.759493670886076,0.7380952380952381,79.0,42.0,30,2.1398432790837862,121.0
New York,Orange,0.6,0.5135135135135135,30.0,37.0,30,8.64864864864865,67.0
New York,Suffolk,0.6986301369863014,0.746606334841629,146.0,221.0,30,-4.797619785532758,367.0
New York,Westchester,0.6666666666666666,0.5359477124183006,141.0,153.0,30,13.0718954248366,294.0
North Carolina,Cumberland,0.5989847715736041,0.7010309278350515,197.0,97.0,30,-10.204615626144742,294.0
North Carolina,Durham,0.6219512195121951,0.609375,164.0,64.0,30,1.257621951219512,228.0
North Carolina,Forsyth,0.7272727272727273,0.5833333333333334,110.0,60.0,30,14.393939393939393,170.0
North Carolina,Guilford,0.6891891891891891,0.627906976744186,222.0,86.0,30,6.12822124450031,308.0
North Carolina,Mecklenburg,0.6303501945525292,0.5707547169811321,514.0,212.0,30,5.959547757139704,726.0
North Carolina,New Hanover,0.6981132075471698,0.5945945945945946,53.0,37.0,30,10.351861295257514,90.0
North Carolina,Robeson,0.5,0.6226415094339622,48.0,53.0,30,-12.264150943396224,101.0
North Carolina,Wake,0.5138888888888888,0.5,72.0,58.0,30,1.388888888888884,130.0
Ohio,Cuyahoga,0.6760700389105059,0.5893416927899686,1028.0,319.0,30,8.672834612053727,1347.0
Ohio,Franklin,0.7372353673723536,0.6962025316455697,803.0,395.0,30,4.103283572678396,1198.0
Ohio,Hamilton,0.6584362139917695,0.581081081081081,486.0,148.0,30,7.735513291068852,634.0
Ohio,Lucas,0.5989847715736041,0.5213675213675214,197.0,117.0,30,7.761725020608267,314.0
Ohio,Mahoning,0.6246913580246913,0.4946236559139785,405.0,93.0,30,13.006770211071284,498.0
Ohio,Montgomery,0.38323353293413176,0.4423076923076923,334.0,156.0,30,-5.907415937356053,490.0
Ohio,Stark,0.675,0.6590909090909091,40.0,44.0,30,1.5909090909090984,84.0
Ohio,Summit,0.6055045871559633,0.6923076923076923,109.0,52.0,30,-8.680310515172895,161.0
Oklahoma,Oklahoma,0.3422222222222222,0.4416058394160584,225.0,274.0,30,-9.93836171938362,499.0
Oklahoma,Tulsa,0.25,0.3105263157894737,164.0,190.0,30,-6.052631578947371,354.0
Oregon,Multnomah,0.2727272727272727,0.3905579399141631,121.0,233.0,30,-11.783066718689039,354.0
Pennsylvania,Allegheny,0.5826193390452876,0.43884892086330934,817.0,139.0,30,14.377041818197828,956.0
Pennsylvania,Berks,0.56,0.448,50.0,125.0,30,11.200000000000005,175.0
Pennsylvania,Chester,0.5675675675675675,0.46875,37.0,32.0,30,9.881756756756754,69.0
Pennsylvania,Dauphin,0.3076923076923077,0.45614035087719296,78.0,57.0,30,-14.844804318488524,135.0
Pennsylvania,Delaware,0.3231707317073171,0.2857142857142857,328.0,84.0,30,3.745644599303138,412.0
Pennsylvania,Lehigh,0.5483870967741935,0.5181818181818182,62.0,110.0,30,3.0205278592375318,172.0
Pennsylvania,Montgomery,0.5853658536585366,0.48148148148148145,41.0,54.0,30,10.38843721770551,95.0
Pennsylvania,Philadelphia,0.7196765498652291,0.6399317406143344,2226.0,586.0,30,7.974480925089466,2812.0
Pennsylvania,York,0.38235294117647056,0.359375,34.0,64.0,30,2.297794117647056,98.0
Rhodes Island,Providence,0.7364341085271318,0.7028301886792453,129.0,212.0,30,3.3603919847886465,341.0
South Carolina,Greenville,0.6862745098039216,0.525,51.0,40.0,30,16.127450980392155,91.0
South Carolina,Spartanburg,0.6428571428571429,0.6666666666666666,42.0,42.0,30,-2.3809523809523725,84.0
Tennessee,Davidson,0.6916666666666667,0.6653386454183267,360.0,251.0,30,2.6328021248339994,611.0
Tennessee,Hamilton,0.7317073170731707,0.6888888888888889,82.0,45.0,30,4.281842818428183,127.0
Tennessee,Knox,0.6704545454545454,0.6470588235294118,88.0,119.0,30,2.3395721925133617,207.0
Tennessee,Shelby,0.6280120481927711,0.5198019801980198,664.0,202.0,30,10.82100679947513,866.0
Texas,Bell,0.6949152542372882,0.651685393258427,59.0,89.0,30,4.322986097886117,148.0
Texas,Bexar,0.7122302158273381,0.6885593220338984,278.0,1416.0,30,2.3670893793439785,1694.0
Texas,Dallas,0.7071393880524527,0.6557603686635944,2059.0,2170.0,30,5.137901938885825,4229.0
Texas,Fort Bend,0.8,0.7303370786516854,35.0,89.0,30,6.966292134831464,124.0
Texas,Galveston,0.8,0.728,75.0,125.0,30,7.200000000000006,200.0
Texas,Gregg,0.6578947368421053,0.4878048780487805,38.0,41.0,30,17.008985879332485,79.0
Texas,Harris,0.6169642857142857,0.6031424227065383,1120.0,1973.0,30,1.382186300774746,3093.0
Texas,Jefferson,0.7362637362637363,0.7066666666666667,91.0,75.0,30,2.9597069597069647,166.0
Texas,Lubbock,0.5555555555555556,0.4666666666666667,36.0,75.0,30,8.888888888888891,111.0
Texas,McLennan,0.6984126984126984,0.5483870967741935,63.0,93.0,30,15.002560163850486,156.0
Texas,Smith,0.6052631578947368,0.5227272727272727,38.0,44.0,30,8.253588516746413,82.0
Texas,Tarrant,0.5238095238095238,0.5878594249201278,378.0,626.0,30,-6.4049901110603935,1004.0
Texas,Travis,0.5416666666666666,0.6226415094339622,48.0,159.0,30,-8.09748427672956,207.0
Virginia,Chesapeake,0.7608695652173914,0.7575757575757576,46.0,33.0,30,0.32938076416337836,79.0
Virginia,Norfolk,0.7589285714285714,0.7884615384615384,224.0,52.0,30,-2.953296703296704,276.0
Virginia,Portsmouth,0.8605769230769231,0.7837837837837838,208.0,37.0,30,7.679313929313936,245.0
Virginia,Richmond,0.775435380384968,0.7258064516129032,1091.0,186.0,30,4.962892877206471,1277.0
Virginia,Roanoke,0.6216216216216216,0.7297297297297297,37.0,37.0,30,-10.81081081081081,74.0
Virginia,Virginia Beach,0.6666666666666666,0.6756756756756757,33.0,37.0,30,-0.9009009009009028,70.0
Washington,King,0.6218181818181818,0.7272727272727273,275.0,407.0,30,-10.545454545454547,682.0
Washington,Pierce,0.48,0.6428571428571429,75.0,168.0,30,-16.285714285714292,243.0
Wisconsin,Milwaukee,0.6839186691312384,0.6336633663366337,541.0,202.0,30,5.025530279460478,743.0
