timestamp,model,tag,seed,auc,mcc,f1,sensitivity,specificity,balanced_accuracy,precision,edge_type,k_neighbors,hidden_dim,num_layers,dropout,lr,weight_decay,aggr,max_epochs,patience,val_size,best_epoch,train_seconds,n_params
2026-07-23T15:28:05,logreg,,42,0.6725785949572298,0.2330197094955576,0.6884561691348963,0.6140220265448104,0.6356020942408377,0.624812060392824,0.7834261382246969,,,,,,,,,,,,,,
2026-07-23T15:28:23,xgboost,,42,0.703283478813807,0.2744447765015797,0.725776406150082,0.6701409390804303,0.6209975199779554,0.6455692295291928,0.7914860070949941,,,,,,,,,,,,,,
2026-07-23T15:28:50,graphsage,,42,0.710974678862941,0.285463979420922,0.7199740010173515,0.6540446178728211,0.65048222650868,0.6522634221907506,0.8006851252396369,geo,20.0,64.0,2.0,0.3,0.005,0.0005,mean,200.0,20.0,0.15,67.0,10.7,17729.0
2026-07-23T15:29:06,graphsage,,43,0.7124806624642792,0.2855201313311918,0.739349844777834,0.6939388493825893,0.6066685037200331,0.6503036765513113,0.7911203465230626,geo,20.0,64.0,2.0,0.3,0.005,0.0005,mean,200.0,20.0,0.15,113.0,16.0,17729.0
2026-07-23T15:29:18,graphsage,,44,0.7117651680717427,0.2853069455746256,0.7306795469686875,0.6757374271558031,0.6267291264811242,0.6512332768184637,0.7953467291131591,geo,20.0,64.0,2.0,0.3,0.005,0.0005,mean,200.0,20.0,0.15,84.0,12.6,17729.0
2026-07-23T15:32:04,graphsage,default,42,0.7127979294517885,0.2873000572014268,0.7368261826182618,0.6877775781069494,0.6155414714797465,0.6516595247933479,0.793407764977641,geo,20.0,64.0,2.0,0.3,0.005,0.0005,mean,200.0,20.0,0.15,102.0,14.6,17729.0
2026-07-23T15:32:17,graphsage,default,43,0.711839424350393,0.2857931386105085,0.7371022891119564,0.6890098323620774,0.612510333425186,0.6507600828936317,0.7924121641570713,geo,20.0,64.0,2.0,0.3,0.005,0.0005,mean,200.0,20.0,0.15,89.0,12.9,17729.0
2026-07-23T15:32:32,graphsage,default,44,0.7124910217984117,0.2866485779410613,0.7434991712632122,0.7024619413138911,0.5982364287682557,0.6503491850410734,0.7896286035841052,geo,20.0,64.0,2.0,0.3,0.005,0.0005,mean,200.0,20.0,0.15,108.0,15.1,17729.0
2026-07-23T15:32:41,graphsage,sweep_hidden_dim,42,0.7094659936570513,0.2830353133288533,0.722649884812047,0.6603342489667035,0.6410581427390466,0.650696195852875,0.7979525360632852,geo,20.0,32.0,2.0,0.3,0.005,0.0005,mean,200.0,20.0,0.15,90.0,9.2,6817.0
2026-07-23T15:32:55,graphsage,sweep_hidden_dim,43,0.7104734530496677,0.2835952468029933,0.7199616095750236,0.6547634328549791,0.6476715348580876,0.6512174838565333,0.7995799109662048,geo,20.0,32.0,2.0,0.3,0.005,0.0005,mean,200.0,20.0,0.15,139.0,13.3,6817.0
2026-07-23T15:33:04,graphsage,sweep_hidden_dim,44,0.7092939999895443,0.283791352073666,0.7454388193637322,0.708007085461967,0.5887572333976302,0.6483821594297986,0.7870494563511317,geo,20.0,32.0,2.0,0.3,0.005,0.0005,mean,200.0,20.0,0.15,88.0,9.0,6817.0
2026-07-23T15:33:20,graphsage,sweep_hidden_dim,42,0.7112671786661215,0.2816815054794754,0.6965805715622898,0.6113521423253665,0.6909892532378066,0.6511706977815865,0.809421841541756,geo,20.0,128.0,2.0,0.3,0.005,0.0005,mean,200.0,20.0,0.15,74.0,16.1,51841.0
2026-07-23T15:33:36,graphsage,sweep_hidden_dim,43,0.7088652803188491,0.2822829151076573,0.7189693896289181,0.6533258028906631,0.6477817580600717,0.6505537804753674,0.7992776381909548,geo,20.0,128.0,2.0,0.3,0.005,0.0005,mean,200.0,20.0,0.15,71.0,15.4,51841.0
2026-07-23T15:33:54,graphsage,sweep_hidden_dim,44,0.7119808882594216,0.2817209734970867,0.6945601783932868,0.6077067234872795,0.6947368421052632,0.6512217827962714,0.8103796515011468,geo,20.0,128.0,2.0,0.3,0.005,0.0005,mean,200.0,20.0,0.15,88.0,18.2,51841.0
2026-07-23T15:35:23,graphsage,sweep_hidden_dim,42,0.7085570236317251,0.2820958693692359,0.7395432593926495,0.6958385746925783,0.6007715624138881,0.6483050685532332,0.7891059419488193,geo,20.0,256.0,2.0,0.3,0.005,0.0005,mean,200.0,20.0,0.15,75.0,88.4,169217.0
2026-07-23T15:35:48,graphsage,sweep_hidden_dim,43,0.6471835588623711,0.2081573186268115,0.7393528183716075,0.7273380740892871,0.4844309727197575,0.6058845234045223,0.751771167776687,geo,20.0,256.0,2.0,0.3,0.005,0.0005,mean,200.0,20.0,0.15,7.0,24.7,169217.0
2026-07-23T15:37:33,graphsage,sweep_hidden_dim,44,0.7096179385749918,0.2839116030074797,0.725961336855789,0.6666495520242344,0.6351612014329017,0.650905376728568,0.7968577390450472,geo,20.0,256.0,2.0,0.3,0.005,0.0005,mean,200.0,20.0,0.15,94.0,104.6,169217.0
2026-07-23T15:37:35,graphsage,sweep_num_layers,42,0.6792852168389943,0.2469622215185808,0.7047554367050101,0.6393602546658794,0.6241939928354918,0.6317771237506856,0.7850523263144621,geo,20.0,64.0,1.0,0.3,0.005,0.0005,mean,200.0,20.0,0.15,19.0,2.0,9473.0
2026-07-23T15:37:39,graphsage,sweep_num_layers,43,0.6838744577452034,0.2466441551437154,0.6885107987758003,0.6092983852334866,0.6552218241939929,0.6322601047137397,0.7913971323774592,geo,20.0,64.0,1.0,0.3,0.005,0.0005,mean,200.0,20.0,0.15,65.0,4.5,9473.0
2026-07-23T15:37:41,graphsage,sweep_num_layers,44,0.6793623699677724,0.2469260285185285,0.708987421825592,0.6475496110697507,0.6154312482777625,0.6314904296737567,0.7833053847587107,geo,20.0,64.0,1.0,0.3,0.005,0.0005,mean,200.0,20.0,0.15,19.0,2.0,9473.0
2026-07-23T15:37:59,graphsage,sweep_num_layers,42,0.7118927964264854,0.2826117090916066,0.6952964635505249,0.608707930069571,0.6946817305042712,0.6516948302869211,0.8106047656490376,geo,20.0,64.0,3.0,0.3,0.005,0.0005,mean,200.0,20.0,0.15,84.0,17.6,25985.0
2026-07-23T15:38:13,graphsage,sweep_num_layers,43,0.7096888884122508,0.2826053836966016,0.7299993063744191,0.6754550355556697,0.6240837696335079,0.6497694025945888,0.7941265242062056,geo,20.0,64.0,3.0,0.3,0.005,0.0005,mean,200.0,20.0,0.15,63.0,14.0,25985.0
2026-07-23T15:38:33,graphsage,sweep_num_layers,44,0.7122386407167092,0.2869449028738801,0.7331340970723338,0.6801530049033451,0.6236428768255717,0.6518979408644584,0.7950664706058878,geo,20.0,64.0,3.0,0.3,0.005,0.0005,mean,200.0,20.0,0.15,98.0,20.0,25985.0
2026-07-23T15:39:03,graphsage,sweep_num_layers,42,0.7128945066857709,0.287274244023652,0.7376414368889377,0.6895232716350473,0.6135574538440342,0.6515403627395407,0.7929792447816717,geo,20.0,64.0,4.0,0.3,0.005,0.0005,mean,200.0,20.0,0.15,110.0,29.7,34241.0
2026-07-23T15:39:28,graphsage,sweep_num_layers,43,0.7109994120915176,0.2825597739323647,0.7074483393771945,0.6310425384437656,0.6716450812896114,0.6513438098666885,0.8049052031828154,geo,20.0,64.0,4.0,0.3,0.005,0.0005,mean,200.0,20.0,0.15,88.0,24.6,34241.0
2026-07-23T15:39:51,graphsage,sweep_num_layers,44,0.7107744693800007,0.2854981772261657,0.7344349121403547,0.68349036017765,0.6183521631303389,0.6509212616539944,0.7935855018033323,geo,20.0,64.0,4.0,0.3,0.005,0.0005,mean,200.0,20.0,0.15,81.0,22.8,34241.0
2026-07-23T15:40:01,graphsage,sweep_dropout,42,0.7105677000701406,0.2824568324309379,0.7164115585944704,0.6482427540882603,0.6534031413612565,0.6508229477247585,0.8006024096385541,geo,20.0,64.0,2.0,0.0,0.005,0.0005,mean,200.0,20.0,0.15,68.0,9.7,17729.0
2026-07-23T15:40:16,graphsage,sweep_dropout,43,0.7125261568058112,0.2828086559568666,0.7037707172323949,0.6240854362950222,0.6791402590245247,0.6516128476597735,0.8067834859949556,geo,20.0,64.0,2.0,0.0,0.005,0.0005,mean,200.0,20.0,0.15,116.0,15.4,17729.0
2026-07-23T15:40:28,graphsage,sweep_dropout,44,0.7116484840804502,0.283671606921655,0.709291139604003,0.634097502117937,0.6696610636538991,0.6518792828859181,0.8047175343715384,geo,20.0,64.0,2.0,0.0,0.005,0.0005,mean,200.0,20.0,0.15,80.0,11.6,17729.0
2026-07-23T15:40:39,graphsage,sweep_dropout,42,0.7104770849003531,0.285006206913337,0.7232775092727886,0.6607963443123764,0.6427114907688068,0.6517539175405916,0.7988083046271296,geo,20.0,64.0,2.0,0.5,0.005,0.0005,mean,200.0,20.0,0.15,76.0,11.2,17729.0
2026-07-23T15:40:52,graphsage,sweep_dropout,43,0.7100755170981821,0.2842755316932807,0.7343230911321561,0.6837727517777835,0.6166988151005787,0.6502357834391811,0.7929443286692467,geo,20.0,64.0,2.0,0.5,0.005,0.0005,mean,200.0,20.0,0.15,85.0,12.3,17729.0
2026-07-23T15:41:05,graphsage,sweep_dropout,44,0.7109693584209845,0.2858869627794486,0.7132795199657118,0.6408492285574924,0.6649765775695784,0.6529129030635354,0.8041685458411184,geo,20.0,64.0,2.0,0.5,0.005,0.0005,mean,200.0,20.0,0.15,89.0,12.8,17729.0
2026-07-23T15:41:25,graphsage,sweep_lr,42,0.7109146224555035,0.2841168201118974,0.7241471177980005,0.6629014453315534,0.6394599063102783,0.6511806758209158,0.7978618217772834,geo,20.0,64.0,2.0,0.3,0.001,0.0005,mean,200.0,20.0,0.15,149.0,19.8,17729.0
2026-07-23T15:41:48,graphsage,sweep_lr,43,0.7101368468463352,0.2851024298734892,0.7229633794897027,0.6601288732575155,0.643538164783687,0.6518335190206013,0.7990180846435896,geo,20.0,64.0,2.0,0.3,0.001,0.0005,mean,200.0,20.0,0.15,175.0,22.9,17729.0
2026-07-23T15:42:08,graphsage,sweep_lr,44,0.7106290552851078,0.2838034865958624,0.7235218996028461,0.6617718789310194,0.6403416919261504,0.6510567854285849,0.7979816740960873,geo,20.0,64.0,2.0,0.3,0.001,0.0005,mean,200.0,20.0,0.15,152.0,20.3,17729.0
2026-07-23T15:42:23,graphsage,sweep_lr,42,0.712121193428399,0.2862236334495356,0.7252214373808723,0.6642107154776269,0.6403416919261504,0.6522762037018887,0.7985740300626563,geo,20.0,64.0,2.0,0.3,0.002,0.0005,mean,200.0,20.0,0.15,109.0,15.2,17729.0
2026-07-23T15:42:38,graphsage,sweep_lr,43,0.7098188391989761,0.2852953135602152,0.724039689556931,0.662208302313044,0.6414990355469826,0.6518536689300133,0.7986068111455109,geo,20.0,64.0,2.0,0.3,0.002,0.0005,mean,200.0,20.0,0.15,101.0,14.3,17729.0
2026-07-23T15:42:55,graphsage,sweep_lr,44,0.7117985295984901,0.2848983301005611,0.7227424843218313,0.6597694657664365,0.643703499586663,0.6517364826765497,0.7990051297994715,geo,20.0,64.0,2.0,0.3,0.002,0.0005,mean,200.0,20.0,0.15,130.0,17.8,17729.0
2026-07-23T15:43:04,graphsage,sweep_lr,42,0.7080807552964766,0.2805910556853496,0.7444399405485745,0.7072112545888635,0.5861669881510058,0.6466891213699346,0.785805973129475,geo,20.0,64.0,2.0,0.3,0.01,0.0005,mean,200.0,20.0,0.15,51.0,8.4,17729.0
2026-07-23T15:43:18,graphsage,sweep_lr,43,0.7108879459675128,0.28401199534736,0.7267523837444682,0.6682155418067928,0.6335629650041333,0.6508892534054631,0.7965297753840505,geo,20.0,64.0,2.0,0.3,0.01,0.0005,mean,200.0,20.0,0.15,94.0,13.8,17729.0
2026-07-23T15:43:29,graphsage,sweep_lr,44,0.7091315096882447,0.2834723759711974,0.7245272447121446,0.6639283238774933,0.637641223477542,0.6507847736775176,0.7972993803372693,geo,20.0,64.0,2.0,0.3,0.01,0.0005,mean,200.0,20.0,0.15,72.0,10.8,17729.0
2026-07-23T15:43:43,graphsage,sweep_lr,42,0.7063243331654386,0.2787383894526095,0.7441395700550935,0.7073652863707545,0.5839625241113254,0.64566390524104,0.7849471555137738,geo,20.0,64.0,2.0,0.3,0.02,0.0005,mean,200.0,20.0,0.15,100.0,14.1,17729.0
2026-07-23T15:43:54,graphsage,sweep_lr,43,0.7057757065366175,0.2764839202594306,0.7032386560443367,0.6254460503683926,0.6708735188757233,0.6481597846220579,0.803131696060656,geo,20.0,64.0,2.0,0.3,0.02,0.0005,mean,200.0,20.0,0.15,76.0,11.3,17729.0
2026-07-23T15:44:07,graphsage,sweep_lr,44,0.7047744688282196,0.2771325458779665,0.7517594625157986,0.7253099889610556,0.5613667677046018,0.6433383783328287,0.7802109797857065,geo,20.0,64.0,2.0,0.3,0.02,0.0005,mean,200.0,20.0,0.15,86.0,12.4,17729.0
2026-07-23T15:44:16,graphsage,sweep_weight_decay,42,0.7110279653422407,0.2828111290732379,0.7227971635189215,0.660719328421431,0.6403968035271425,0.6505580659742867,0.7977496745397059,geo,20.0,64.0,2.0,0.3,0.005,0.0,mean,200.0,20.0,0.15,60.0,9.4,17729.0
2026-07-23T15:44:29,graphsage,sweep_weight_decay,43,0.7113385593169891,0.2824221345788599,0.7154547779387946,0.6463943727055682,0.6553320473959768,0.6508632100507725,0.8010371265867082,geo,20.0,64.0,2.0,0.3,0.005,0.0,mean,200.0,20.0,0.15,86.0,12.5,17729.0
2026-07-23T15:44:43,graphsage,sweep_weight_decay,44,0.7119609024694795,0.2852837849697191,0.737986238657858,0.6911149333812543,0.6095894185726095,0.650352175976932,0.7916776944566976,geo,20.0,64.0,2.0,0.3,0.005,0.0,mean,200.0,20.0,0.15,100.0,14.3,17729.0
2026-07-23T15:44:55,graphsage,sweep_weight_decay,42,0.6922143739552815,0.2556898587185879,0.682113258651907,0.5947937257720843,0.6797464866354368,0.6372701062037606,0.7994824016563145,geo,20.0,64.0,2.0,0.3,0.005,0.005,mean,200.0,20.0,0.15,82.0,12.1,17729.0
2026-07-23T15:45:13,graphsage,sweep_weight_decay,43,0.6941996239018418,0.2577894263654008,0.6801950931126219,0.5907375555156213,0.6860843207495178,0.6384109381325695,0.8015814958024176,geo,20.0,64.0,2.0,0.3,0.005,0.005,mean,200.0,20.0,0.15,133.0,17.8,17729.0
2026-07-23T15:45:22,graphsage,sweep_weight_decay,44,0.6923962204502805,0.2552481633023548,0.6696635948153143,0.5736400277257208,0.7003582254064481,0.6369991265660844,0.8042977467424952,geo,20.0,64.0,2.0,0.3,0.005,0.005,mean,200.0,20.0,0.15,57.0,8.9,17729.0
2026-07-23T15:46:15,graphsage,sweep_aggr,42,0.701148891468127,0.2727174048351226,0.7447185937751976,0.7113187687726235,0.5728299807109396,0.6420743747417815,0.781409515214755,geo,20.0,64.0,2.0,0.3,0.005,0.0005,max,200.0,20.0,0.15,170.0,52.0,17729.0
2026-07-23T15:46:56,graphsage,sweep_aggr,43,0.7010945099158119,0.2700385988507334,0.7360390185419817,0.6934767540369163,0.5902452466244145,0.6418610003306654,0.7841674407803064,geo,20.0,64.0,2.0,0.3,0.005,0.0005,max,200.0,20.0,0.15,130.0,41.1,17729.0
2026-07-23T15:47:03,graphsage,sweep_aggr,44,0.5911095697871959,0.1241867649627191,0.4369229632912327,0.3037250019253972,0.8141636814549462,0.5589443416901717,0.778201670722884,geo,20.0,64.0,2.0,0.3,0.005,0.0005,max,200.0,20.0,0.15,8.0,7.7,17729.0
2026-07-23T16:37:23,graphsage,fairness_handoff,42,0.7110135879107392,0.2858604451473829,0.7112595310439718,0.6369984340102175,0.6689997244419951,0.6529990792261062,0.8051202180473085,geo,20,64,2,0.3,0.005,0.0005,mean,200,20,0.15,67,10.0,17729
2026-07-23T16:37:36,graphsage,fairness_handoff,43,0.7118512260965917,0.28630850858741985,0.7328951919750951,0.6799219572305085,0.6232019840176357,0.6515619706240721,0.7948202388812197,geo,20,64,2,0.3,0.005,0.0005,mean,200,20,0.15,89,12.3,17729
2026-07-23T16:37:47,graphsage,fairness_handoff,44,0.7114636395754775,0.2845680752969983,0.7224831931591235,0.659384386311709,0.643758611187655,0.651571498749682,0.7989362033033687,geo,20,64,2,0.3,0.005,0.0005,mean,200,20,0.15,82,11.6,17729
